"","logFC","AveExpr","t","P.Value","adj.P.Val","B","regulate"
"LHX8",-4.5013194635641,4.01051418072,-8.3391942223808,9.60370202491615e-09,5.67655619288744e-06,10.144136316879,"down-regulated"
"NRN1",4.18690189483975,7.0269450076,7.13754083590959,1.59872520125811e-07,4.37488190722057e-05,7.45899119359054,"up-regulated"
"HOXB2",3.97116844698718,5.8549585384,9.26285027916112,1.25858138350476e-09,1.32843265028927e-06,12.0643989018438,"up-regulated"
"COMP",3.80781884615385,8.5651639,5.10722126407118,2.69694719458618e-05,0.00168370221034267,2.52008868457507,"up-regulated"
"EMX2",3.65791292466667,6.08435339184,10.9760282747953,3.8779076755464e-11,7.16298021519365e-08,15.2990633793469,"up-regulated"
"SLC14A1",-3.2496067728141,5.15864759228,-13.5394676665122,3.97388882933958e-13,5.87221552311509e-09,19.4192651314359,"down-regulated"
"EPGN",-3.17447359144872,3.37757426472,-8.19334394399512,1.33747221674724e-08,7.05850962388354e-06,9.82938352293736,"down-regulated"
"SAMD5",-3.11103420291026,7.29014606268,-5.87578052398164,3.70291813488667e-06,0.000480435113001982,4.43472878811441,"down-regulated"
"PAX9",-3.09131816592308,4.97746910328,-10.2792934484251,1.52822912892814e-10,2.25826418381712e-07,14.0334595657296,"down-regulated"
"FOXL2",3.02610982370513,4.21809669184,9.52815744938364,7.16730990796708e-10,8.14702603923304e-07,12.5927395200988,"up-regulated"
"LXN",-2.94238618760256,6.11213738972,-6.52667106144456,7.16132155525594e-07,0.000141097131496023,6.0179479350764,"down-regulated"
"VCAM1",-2.8519819770641,5.76216796324,-4.92082196525508,4.38547917714986e-05,0.00240015651113865,2.05181050457245,"down-regulated"
"COL15A1",-2.85067044254487,8.76683805904,-3.96744835170683,0.000525765439396847,0.0130575393243146,-0.32978934960058,"down-regulated"
"TM4SF20",-2.83698028383333,3.80388462076,-5.71712379176339,5.56023784642585e-06,0.000595388656932136,4.04266819662052,"down-regulated"
"LRRC32",2.80087296718589,8.27978698248,11.6899157980445,1.00904088484639e-11,3.72764928884377e-08,16.5282630945357,"up-regulated"
"LEPR",-2.76801282880769,7.08400274548,-8.67730977758231,4.50492106799816e-09,3.16996279151471e-06,10.8617132948131,"down-regulated"
"MXRA5",2.76538795025641,8.6318980652,5.91364640466606,3.36159343238635e-06,0.000457830014713848,4.52798536472137,"up-regulated"
"FOXF1",-2.67837103788461,6.7733457822,-5.64269076453236,6.73322556698361e-06,0.000681485439748745,3.85805076497611,"down-regulated"
"PITX2",2.59074456520513,4.29740876176,4.56927704404999,0.000109877865578686,0.00452274434444636,1.16854011385211,"up-regulated"
"GALNT14",-2.56124294873077,3.74619751684,-7.64076842339558,4.8123101165951e-08,1.69678463710673e-05,8.60864566553956,"down-regulated"
"HOXC6",2.55270605082051,5.77725642124,3.44512462557632,0.00199272044469713,0.0314674688946437,-1.59282085915978,"up-regulated"
"F3",2.54550620009615,6.8240342302,3.25743366301683,0.00318244807626167,0.0428564281574503,-2.032517633244,"up-regulated"
"CNTN3",2.51877797232051,5.66194939756,6.0843138155756,2.1774637843426e-06,0.000328330432053374,4.94667415157764,"up-regulated"
"PTGDS",2.50869682676282,8.438545114,5.85862015103939,3.8689705926261e-06,0.000480435113001982,4.39242470378658,"up-regulated"
"SLPI",-2.48659296908974,7.45171666276,-4.09275643295979,0.000380174648314105,0.0105316150648248,-0.0204743825235729,"down-regulated"
"SERPINB2",2.48106576165385,3.62548385244,3.27550521893208,0.00304312316877709,0.0413691178151049,-1.99058627836488,"up-regulated"
"C13orf15",-2.42972095391026,7.6587621252,-5.33555453691448,1.48945581311479e-05,0.00117375053271235,3.09237391151506,"down-regulated"
"MEIS1",2.40205001673718,4.20579040188,8.24332536068374,1.19358134562192e-08,6.78367367086736e-06,9.93759942544223,"up-regulated"
"CYTL1",-2.36455962591026,6.05850437564,-4.47031543081297,0.000142284024069216,0.00539110518889952,0.920440001058385,"down-regulated"
"ALPK2",2.3518237803718,6.37638270604,8.22085077204665,1.2562095168072e-08,6.87518815920738e-06,9.88898471957168,"up-regulated"
"HMCN1",2.32616086412821,6.81169185032,5.04179687789603,3.1983721316425e-05,0.00191345526272394,2.35580118633256,"up-regulated"
"BMP4",-2.30964874284615,6.28230605328,-8.34982135923774,9.37573928872982e-09,5.67655619288744e-06,10.1669475460736,"down-regulated"
"TMEM200A",2.29740198382051,5.99484186208,6.63990572149707,5.40557197911207e-07,0.000115765416138173,6.28860482608326,"up-regulated"
"SFRP2",2.29668594803847,8.14339248252,3.88244749639756,0.000654574768043805,0.0153534148371164,-0.538468865602356,"up-regulated"
"SCN9A",-2.27450506369231,4.77061956112,-4.61889764777022,9.65170799402964e-05,0.004194802618464,1.29307856677781,"down-regulated"
"DPP4",2.25745806307052,7.21303100512,3.14697186792364,0.00417751474185974,0.049903908925191,-2.28678056217905,"up-regulated"
"CSTA",-2.23971656335897,6.60226720328,-4.54927840237049,0.000115770939190209,0.00465498736260143,1.11837081828309,"down-regulated"
"POSTN",2.20461214366666,10.54861142496,4.49602151592529,0.000133047738709788,0.00514311887482351,0.98484553493022,"up-regulated"
"STMN2",2.19427166373077,5.64329065636,3.60247577519407,0.0013392529672321,0.0246200067451094,-1.217720570007,"up-regulated"
"HOXC8",2.14265865680769,5.58972880996,3.31354019787443,0.00276887512137028,0.0389302261355743,-1.9020414258279,"up-regulated"
"IGFBP3",2.14224203438462,10.90317220712,5.35231494132342,1.42608585053888e-05,0.00113909570883314,3.13429544695858,"up-regulated"
"DHCR24",-2.14184341978205,6.73077885212,-5.32388260052288,1.53525667694695e-05,0.00118417329570837,3.06317176245785,"down-regulated"
"THSD4",-2.13105433871795,6.0532520928,-7.88184804667106,2.73905557002431e-08,1.09391957184458e-05,9.14669382942434,"down-regulated"
"GPX3",-2.08690690057692,7.0810484868,-3.53235669359607,0.00159951307794239,0.0275157214816701,-1.3855404467847,"down-regulated"
"CDH6",-2.04202833774359,5.39411809696,-3.7856601654517,0.000839305963395033,0.0181540510823296,-0.77479668396924,"down-regulated"
"C11orf41",1.95475022195513,5.122564171,7.97920358858511,2.18626466390496e-08,9.50189204074224e-06,9.36158772648196,"up-regulated"
"ANXA3",-1.95426717991026,5.51689275572,-3.47771287391457,0.00183590942739016,0.0300800296735281,-1.51558716711253,"down-regulated"
"SCG5",1.95181091514103,4.16731454396,4.80631510651446,5.91432179570563e-05,0.00293274943540745,1.76396677658794,"up-regulated"
"FAM198B",1.94807136808974,7.56450913676,3.63137961590821,0.00124444460867292,0.0235512318844906,-1.14825051831583,"up-regulated"
"LBH",1.93803963191026,6.88653102224,5.10532090509955,2.71033260703076e-05,0.00168370221034267,2.51531818822734,"up-regulated"
"SERINC2",-1.92944321944872,7.42805831028,-8.05060299113384,1.85460357857265e-08,8.90541389765186e-06,9.51830893242813,"down-regulated"
"ACAN",1.90753702553846,6.71591541472,4.43318696790429,0.000156763187447019,0.00570563946035617,0.827473739817234,"up-regulated"
"FAM107B",-1.90530569185898,6.6974388706,-7.3250501859088,1.01822802751625e-07,3.13465740887658e-05,7.89148528019245,"down-regulated"
"IRX5",1.90493215038462,7.9744313268,5.33222749657455,1.5023689884039e-05,0.00117375053271235,3.08405061441701,"up-regulated"
"TSPAN8",-1.89858334641026,4.9102201768,-3.25407790260374,0.00320898874317238,0.0431083878707802,-2.04029396500911,"down-regulated"
"GALNT12",-1.89282210316667,5.43481550148,-3.60986413147724,0.00131436755775034,0.0243693969898078,-1.19997856949439,"down-regulated"
"AVPI1",-1.8831195166923,8.24367396568,-11.243765746198,2.32465118256618e-11,5.72522842079674e-08,15.7679022274589,"down-regulated"
"RAC2",1.87830485772436,8.0335772044,6.85477844060888,3.18283910121081e-07,7.71029727845772e-05,6.79787229983834,"up-regulated"
"PLCB4",-1.83198295948718,6.3780282206,-7.75869427160877,3.64936753596287e-08,1.41912379155062e-05,8.87288313024796,"down-regulated"
"CD9",-1.82556079660897,9.09812704532,-7.09467352127818,1.77351432377694e-07,4.76494930226397e-05,7.35944577949797,"down-regulated"
"TFAP2B",-1.78560972823718,3.3240042206,-3.84661506277485,0.000717763448948581,0.0163801874984544,-0.626129939453063,"down-regulated"
"HAND2",1.78351206520513,5.05384331176,6.35683324496428,1.09487176659233e-06,0.000192484208486378,5.60918217344906,"up-regulated"
"MEGF6",1.76151536574359,7.77783965048,4.37002889124846,0.000184840480242611,0.00646478218903534,0.669507119241794,"up-regulated"
"RSPO2",-1.76027223852564,2.9471670482,-3.92919085002941,0.000580314299338365,0.0140119352962794,-0.423835456608274,"down-regulated"
"IRX1",1.75447899121795,4.7592686054,3.68371064453517,0.00108920602867832,0.0215753317503748,-1.02206114584799,"up-regulated"
"HAS2",1.75327932637821,6.0136024372,6.04668469921617,2.39569309102962e-06,0.000350506503031135,4.85459835026106,"up-regulated"
"SDC4",-1.73928430307051,10.13893578068,-12.5338812412813,2.20850926088957e-12,1.15500930473207e-08,17.8978764315945,"down-regulated"
"HOXB6",1.73210965079487,4.99570438792,3.80410901198659,0.000800529510769755,0.0177087194321028,-0.729862997931787,"up-regulated"
"KIAA1324L",1.70901152034615,5.14199054492,3.69656639772242,0.0010540697561888,0.0211314877288565,-0.990982641615138,"up-regulated"
"HOXA10",1.70201963553846,7.31903932052,3.63088508963993,0.00124601017117519,0.0235512318844906,-1.14944049518867,"up-regulated"
"TMTC1",-1.69613770455769,7.37133684412,-3.48845256515893,0.00178691134026012,0.0296422408505888,-1.49008061777114,"down-regulated"
"RARRES1",-1.68801827007692,5.45783566144,-4.59674880047018,0.000102267717351034,0.00430544176437673,1.23747943859789,"down-regulated"
"NTF3",1.68059208587179,5.95034631568,3.98557642171964,0.000501715133768184,0.0126446953743941,-0.28515921582021,"up-regulated"
"OLFML2B",1.6625023933077,8.25705189248,5.31904750538802,1.55464315738935e-05,0.00118417329570837,3.05107289384461,"up-regulated"
"RAB31",1.64636362482051,8.08341773776,7.21003299812371,1.3421428709634e-07,3.88879317729924e-05,7.62676556330605,"up-regulated"
"TBX18",1.64321992915385,6.57836095784,7.63985254094267,4.82269437358617e-08,1.69678463710673e-05,8.60658563545013,"up-regulated"
"DNAJC6",-1.61464384573718,3.2831569352,-7.48061132955433,7.02701924658152e-08,2.35292384241759e-05,8.24660077197355,"down-regulated"
"TNC",1.61099075388462,9.43685184448,6.21239591140003,1.57474252637911e-06,0.000255713959475869,5.25901970889196,"up-regulated"
"HTR2A",1.60767380737179,3.614999641,5.69926665424116,5.82130036468282e-06,0.000604242288862652,3.99841473417132,"up-regulated"
"EDN1",1.59861211434616,6.51428428904,4.71008912647672,7.60515561386731e-05,0.00351191826581616,1.52212431303622,"up-regulated"
"PEAR1",-1.59843099989744,5.00321273528,-4.13748977288831,0.000338523268983536,0.00986658450842152,0.0903746425727308,"down-regulated"
"IRX2",1.59583814692308,5.8513855036,4.32652611796011,0.000207036041588666,0.00693735053640754,0.560845813282566,"up-regulated"
"ZNF804A",-1.59141292257692,3.44885666324,-5.02037972819876,3.38209336819353e-05,0.00199112325505163,2.3019999549335,"down-regulated"
"STEAP2",1.59107729694872,5.44868663892,5.52351238940678,9.15580054394153e-06,0.000840343258620025,3.56163273206284,"up-regulated"
"QSOX1",-1.59058818502564,10.20740979888,-8.49758561579931,6.72377947987056e-09,4.31988214669771e-06,10.4823944449908,"down-regulated"
"MEIS2",1.58947008096154,5.0574067054,6.76109532328254,4.00696760756784e-07,9.10937851338922e-05,6.57654585584214,"up-regulated"
"LAMA3",-1.58747571925641,5.84710875768,-4.44946742487973,0.000150241854444889,0.00555865361818742,0.868229759061007,"down-regulated"
"HSPB7",1.5870876043141,3.87649307684,6.45203017981805,8.62685321100369e-07,0.000158525286826134,5.83870987147365,"up-regulated"
"FAT3",1.58641449728205,6.00277440508,4.98140034179084,3.74410709516888e-05,0.00212794886712733,2.20406037694621,"up-regulated"
"NAV1",1.58607128580128,6.6911213738,11.4688071350256,1.52166942285035e-11,4.49714181229193e-08,16.1546601801309,"up-regulated"
"MRVI1",1.58474757423077,5.4179935964,5.80141064597897,4.47907112421715e-06,0.000511918071980601,4.25120943017991,"up-regulated"
"KCNE4",1.58446486124359,5.99627210932,8.02964464832568,1.94623107162155e-08,8.90541389765186e-06,9.47238284644302,"up-regulated"
"LOXL3",-1.58047360555128,5.22150863872,-4.07531300588775,0.00039775638298886,0.0107633348929377,-0.0636415215896395,"down-regulated"
"VCAN",1.57757187895513,9.55681433636,4.48606945714604,0.000136550445823265,0.00521396883186147,0.959907389610113,"up-regulated"
"SNCA",-1.57622606846154,6.7126814696,-6.54928253059426,6.76941202077621e-07,0.000135215763890655,6.07211690149988,"down-regulated"
"COL5A3",1.56481190267308,7.12316327936,4.28020920042654,0.000233583644635431,0.00761957067721362,0.445301146828005,"up-regulated"
"FAM101A",1.56107752107693,4.99355356504,4.35394590675219,0.000192756114403473,0.00658790628224007,0.629320378657476,"up-regulated"
"APCDD1L",1.5370820493718,5.05901718016,5.3994876372852,1.26194146211439e-05,0.00104177145171309,3.25220889943286,"up-regulated"
"C5orf13",1.53358752525,8.10758260512,3.62877618368236,0.0012527081451722,0.0235512318844906,-1.15451461079827,"up-regulated"
"TOM1L1",-1.53149665823077,5.97210246928,-5.79928098692176,4.50357646054532e-06,0.000511918071980601,4.24594731878545,"down-regulated"
"USP53",-1.52043547444872,7.48847959788,-5.4115472566867,1.22312758393331e-05,0.00102113877445099,3.28233450427868,"down-regulated"
"COL6A1",1.51180681726923,11.36731637752,4.85786537604946,5.1691438687962e-05,0.00268998647092916,1.89355395130189,"up-regulated"
"ACTC1",1.50686133942308,3.528040791,4.08866901882555,0.000384224235193255,0.010592689409423,-0.0305924555507051,"up-regulated"
"FAM129A",-1.50552621384616,8.3992207172,-7.65354044910842,4.6698627905915e-08,1.69678463710673e-05,8.63736038493396,"down-regulated"
"TBX15",1.50485608382051,4.76789198008,8.64547528150822,4.83458444783979e-09,3.24730247207857e-06,10.7948732616611,"up-regulated"
"MYO1D",1.4973327155,6.72818913644,7.47240546260635,7.16529558833265e-08,2.35292384241759e-05,8.22795309563472,"up-regulated"
"DACT1",1.49658548244872,6.05020584396,3.6629531043168,0.00114837294165289,0.0222510743153173,-1.07217740705916,"up-regulated"
"C10orf116",-1.49639730933334,10.20634095652,-3.41312314921567,0.00215933617430613,0.0332034450028321,-1.66841984787216,"down-regulated"
"ENPP2",1.49463254358974,8.862742108,4.63894359623956,9.1591391473344e-05,0.00405223350838804,1.34341102477325,"up-regulated"
"ADRB2",-1.49290054780769,5.86956995636,-5.36253126784779,1.38879939522233e-05,0.0011214365389727,3.15984196664722,"down-regulated"
"PMAIP1",-1.4906632941282,5.80659620328,-3.5743596702914,0.00143822934186335,0.0255441285873975,-1.28513565028597,"down-regulated"
"PLK2",-1.48379974688461,8.12241882888,-4.70579001635532,7.69108195996741e-05,0.00354053327484232,1.51132231606408,"down-regulated"
"HOXC4",1.47726214784615,4.76471501112,3.41985110551613,0.00212322076013221,0.0328029153743701,-1.65254644576041,"up-regulated"
"TGFBI",1.47528650271795,10.89150815192,4.39887869588075,0.00017144297271052,0.00608993463399845,0.741635134242909,"up-regulated"
"TRPC6",-1.47503884530769,6.57148018856,-6.44913210392997,8.68955013393574e-07,0.000158525286826134,5.83173758269083,"down-regulated"
"GABBR2",1.47178024460256,4.17839350964,4.93903041678898,4.18189125644835e-05,0.00231444970399016,2.09757735853786,"up-regulated"
"HOXB7",1.4691784455,2.95444186684,3.61969577244854,0.00128195207981248,0.023973923813203,-1.17635246825929,"up-regulated"
"ADCY7",1.46608119284616,5.29976194372,7.65021041307784,4.70658177081907e-08,1.69678463710673e-05,8.62987587713829,"up-regulated"
"EYA1",-1.45933350207051,7.55429311416,-4.00272503925371,0.00047996476384006,0.012270656254783,-0.242902125212251,"down-regulated"
"RAMP1",-1.45691259024359,5.39435953676,-4.74709364800015,6.90414982320672e-05,0.0032439369654944,1.61511426391867,"down-regulated"
"TGM2",1.45482951838462,5.75410763644,4.10314505704651,0.000370071187339783,0.0104839449908836,0.00524991728197044,"up-regulated"
"SSTR1",1.4523314220641,4.38289929036,3.34434279190677,0.00256443924267223,0.0367909890184151,-1.83005018055331,"up-regulated"
"CD14",-1.45173225370513,7.25895173676,-4.58549071443937,0.000105320607777804,0.00438400738347215,1.20922466976739,"down-regulated"
"GREM1",1.44988172369231,9.35869625768,5.34575671589063,1.45055176282614e-05,0.00115240878490763,3.11789348906195,"up-regulated"
"ROR2",1.44068770083974,5.42921850448,4.74035690210802,7.0267715700886e-05,0.00326523910349683,1.59818381300333,"up-regulated"
"DLX1",-1.4373629506282,4.20601468416,-7.29031563420207,1.10660787411052e-07,3.27046891114623e-05,7.81173326896882,"down-regulated"
"CA13",-1.43616397227564,5.175958105,-11.0149599995272,3.59796617935248e-11,7.16298021519365e-08,15.3678311537293,"down-regulated"
"STAT4",1.41140656503846,4.62689611568,4.80679553502503,5.90690263193849e-05,0.00293274943540745,1.76517443829897,"up-regulated"
"PODN",1.41129895573077,7.65459533652,5.60693507131905,7.38280000046511e-06,0.000724340037451765,3.76922178845621,"up-regulated"
"PRPS1",1.410408606,8.92759657288,5.591382322613,7.6847858880767e-06,0.000742209680183722,3.73055570956195,"up-regulated"
"LMCD1",1.40911636766667,7.33759034248,5.60785378774404,7.36534129224987e-06,0.000724340037451765,3.77150530954864,"up-regulated"
"SVIP",-1.40353944360897,4.24161654776,-6.73326808219089,4.29147306131978e-07,9.60834809501855e-05,6.51059067763564,"down-regulated"
"FST",-1.4035314128141,9.11448502308,-5.02959136469698,3.30180880049691e-05,0.00195163314579771,2.32514125910046,"down-regulated"
"HOXA11",1.40348096044872,3.1661734354,3.61468269941542,0.00129838164637696,0.0241639616983783,-1.18840162832461,"up-regulated"
"SPP1",1.40336393315385,3.83020196776,3.29630045421094,0.00289008427410983,0.0400643174238258,-1.94222386260434,"up-regulated"
"SLC2A12",-1.39951626592308,4.99178452428,-5.47477362581288,1.03849344050315e-05,0.000918911231755389,3.44014451876619,"down-regulated"
"SLIT3",1.39710301983974,10.1524410076,3.16533348996578,0.00399356754337824,0.0488854535981923,-2.24476617248548,"up-regulated"
"C1QTNF3",1.39619417048718,6.01620544868,3.45229851327573,0.0019571204439194,0.0312991004326807,-1.57584010515206,"up-regulated"
"RHPN2",-1.39501075835897,5.26850004468,-3.95338714117277,0.000545200130401897,0.0133827613404466,-0.364377806271396,"down-regulated"
"BMPER",1.39371804992308,4.77963716504,4.46909697531704,0.000142737340585798,0.00539444931415943,0.917387992862515,"up-regulated"
"COL13A1",1.39089824225641,4.15929923136,3.47198171194786,0.00186258920761883,0.030179255176517,-1.52918777548975,"up-regulated"
"SHOX2",1.3876114309359,6.44589478708,5.79596054159631,4.54205497636239e-06,0.000512350735768756,4.23774218373303,"up-regulated"
"OLFML3",1.38607054435257,10.10510917852,4.92826395901656,4.30109562894211e-05,0.00237154067570438,2.07051626629681,"up-regulated"
"PLXND1",1.38591885544872,8.679964241,10.7867307754808,5.59654713199476e-11,9.18890855216518e-08,14.961783730563,"up-regulated"
"MSX1",-1.38572998270513,5.89192018284,-3.27709477991766,0.00303115401621717,0.041275723825704,-1.9868936983449,"down-regulated"
"FN1",1.3833605918077,12.71442517476,3.58907417089175,0.0013855715767402,0.0249690136457194,-1.24987429908875,"up-regulated"
"KCNB1",-1.38299801491026,3.78927249492,-6.29457461081838,1.28022475281251e-06,0.000217446910026557,5.45852419087669,"down-regulated"
"NPR3",-1.38041955424359,6.22432164004,-3.50090782892408,0.00173167884701744,0.02911151117449,-1.46046692008506,"down-regulated"
"CACNA2D3",-1.37963351908974,4.35386279476,-5.25400544014854,1.8407414095766e-05,0.00132041921404434,2.88821576979243,"down-regulated"
"SEMA3B",-1.37563167039743,7.74368446044,-5.22530005081256,1.98335040121903e-05,0.00137596098022599,2.81628448444509,"down-regulated"
"PMEPA1",1.37431649592308,6.10400058512,6.59094389419625,6.10353934311054e-07,0.000127030987145274,6.17176345492355,"up-regulated"
"WFDC1",1.36643136553846,5.47765743792,3.44722400633815,0.00198223776988071,0.0314470709859798,-1.58785283193903,"up-regulated"
"FAM155A",1.35824234377564,4.85462357632,3.29285616238213,0.00291490762930089,0.0403104149237143,-1.95024222257073,"up-regulated"
"C10orf58",-1.35162111926923,6.76911488252,-4.47635276472543,0.000140058958371621,0.00532044017444074,0.935563482472975,"down-regulated"
"ANTXR1",1.34955995401282,7.89970208008,6.21348842728438,1.57040660205611e-06,0.000255713959475869,5.26167670054105,"up-regulated"
"MYEF2",-1.34573012148077,4.61073170892,-6.81055897885725,3.54780720668332e-07,8.3215789036761e-05,6.6935425743357,"down-regulated"
"TRNP1",1.34557189314103,7.3936548714,3.98198641057664,0.000506390152776479,0.0126876766959769,-0.2940009279317,"up-regulated"
"RNF182",1.34531499915385,3.10000871144,3.24434607794598,0.00328717078811329,0.0438002910152841,-2.06282768710409,"up-regulated"
"HEPH",1.34213406292308,7.23719846928,5.86674654572457,3.78941514402341e-06,0.000480435113001982,4.41246122627411,"up-regulated"
"ANKRD1",1.34202981779487,2.87657278008,5.68597032683326,6.02371322918327e-06,0.000618141738803064,3.96544811177006,"up-regulated"
"GFPT2",1.3398306684359,5.22492374608,4.51627550234245,0.000126193405653326,0.00497269321423787,1.03561221474895,"up-regulated"
"RGS20",-1.33513750844872,4.95410264756,-5.04938461877639,3.13571670340896e-05,0.00188359698074286,2.3748598577942,"down-regulated"
"PLXNC1",1.33345942053846,5.80316168432,3.92666015034328,0.000584113201902473,0.0140806538083407,-0.430049572287928,"up-regulated"
"STXBP6",-1.32884673984615,6.75186192272,-3.80242944873214,0.000803985614516535,0.0177585880802853,-0.7339559931285,"down-regulated"
"MALL",1.32627326584615,6.78682289576,4.77546911094933,6.41073471753066e-05,0.00307569567925164,1.68643179888371,"up-regulated"
"LGMN",1.32097452649359,9.13820546064,7.14912285651049,1.55459111609377e-07,4.33437602311655e-05,7.48584418906501,"up-regulated"
"C12orf75",1.31207878583974,9.57721522128,6.8377125586693,3.31892758543098e-07,7.91028918224412e-05,6.75763727523467,"up-regulated"
"TMEM119",1.30869863842308,8.32507047752,4.10731706355287,0.000366088869465443,0.0104178900308084,0.0155838652483551,"up-regulated"
"LGR5",-1.30833258814103,4.311241325,-4.23533719390875,0.000262519536491874,0.00837851229101604,0.33351863026359,"down-regulated"
"SRPX2",1.30774787321795,6.89381772076,5.1063133734289,2.70333372095054e-05,0.00168370221034267,2.51780960684067,"up-regulated"
"ODZ3",1.29920901103205,6.70525027068,3.98247729421371,0.000505748381910936,0.0126876766959769,-0.292792044485116,"up-regulated"
"PPP1R14A",1.29118147361539,11.07500047872,4.35159276733807,0.000193942195911136,0.00658790628224007,0.623441974007682,"up-regulated"
"TCF4",1.28806220754487,9.00407468216,8.02025872584627,1.98875724857895e-08,8.90541389765186e-06,9.45179459652031,"up-regulated"
"SHANK2",-1.28421285478846,4.79262063424,-5.29598994363917,1.65054289170329e-05,0.00123182183387371,2.99336104890708,"down-regulated"
"BAALC",1.28260644735257,6.29801497696,5.8418033949402,4.0390195278171e-06,0.000489217963627486,4.3509431293126,"up-regulated"
"KCND2",1.27994571398718,4.29741881356,4.06715410046563,0.000406253625222012,0.0108787465148138,-0.0838208009773549,"up-regulated"
"PDE1C",-1.26827580719231,4.44169486324,-3.32876790515629,0.00266591293296693,0.0379154912516384,-1.86648270103248,"down-regulated"
"EBF1",1.26805037875641,7.23225873988,3.52757778618568,0.00161894396183148,0.0276486828914852,-1.39694011174694,"up-regulated"
"NOX4",1.26355264942949,4.05771885288,4.55659252486859,0.000113579945770551,0.00461821412943027,1.13671758398915,"up-regulated"
"HOXB3",1.25345047907692,5.63587717288,5.83520884619924,4.10775211474401e-06,0.000493497991866441,4.33466990200849,"up-regulated"
"TFAP2C",-1.25001786985897,6.71787561716,-5.58020171040303,7.90956635186579e-06,0.000758958844035849,3.70274908078613,"down-regulated"
"SYNGR2",-1.24598232752564,8.69154365148,-6.09432912151368,2.12285611805609e-06,0.000323396338726957,4.97115748977184,"down-regulated"
"PRKAR2B",-1.24334864078205,5.86934204004,-4.15530709491441,0.000323221130390091,0.00968811083929892,0.134582561163637,"down-regulated"
"ZBED3",-1.24050467865385,6.7883746554,-5.94546295437085,3.09954937430581e-06,0.000433763553843927,4.60624472724806,"down-regulated"
"CAB39L",-1.22891420020513,5.88522641344,-5.69845410264531,5.8334702301758e-06,0.000604242288862652,3.99640049477752,"down-regulated"
"ADAMTSL1",1.22313986189744,5.55625427548,4.22142305276489,0.000272194628843002,0.00860390877956197,0.29889029339241,"up-regulated"
"RASA4",1.21195756305769,7.28638073496,4.68565674315341,8.10658687095143e-05,0.00370870074897986,1.46073967243576,"up-regulated"
"MAFB",1.21113794102564,7.487822148,6.46248413525427,8.40449220030003e-07,0.000158525286826134,5.86385231575582,"up-regulated"
"MUC7",-1.20991314058974,5.03632187744,-3.17885520469004,0.00386311128588842,0.048083039840712,-2.21376097103574,"down-regulated"
"ADAMTS12",1.20902748017949,5.06654128464,3.44455328249859,0.00199558259927383,0.0314674688946437,-1.59417271961549,"up-regulated"
"DUSP6",-1.20521041834615,7.37490050604,-5.00922682731963,3.48192630780131e-05,0.00203369268973834,2.27397976366532,"down-regulated"
"CHST15",-1.20200167947436,4.90792723316,-5.51157353195959,9.44258515508585e-06,0.000861315313806812,3.53188702050603,"down-regulated"
"SCUBE3",1.19674339994872,6.00709884936,3.94154561495315,0.000562114976003575,0.0137479081440299,-0.393485886916562,"up-regulated"
"PITX1",-1.19278117788462,3.583867125,-4.36776874171554,0.000185933033114977,0.00646478218903534,0.663858652936145,"down-regulated"
"ZNF281",1.18954144829487,7.64728913672,8.85370304721651,3.05345055916501e-09,2.37478099540955e-06,11.2293511728102,"up-regulated"
"STEAP1",1.18908920924359,4.94334982436,5.23449102389029,1.93651789204039e-05,0.00135620497112232,2.83931919377497,"up-regulated"
"NNMT",1.18790618169872,10.1519828276,4.40693178187147,0.000167878845418449,0.00597948000558437,0.761777762485727,"up-regulated"
"CCBE1",-1.18747419957693,6.49487052828,-3.67257950918928,0.00112055294788006,0.0219316700805611,-1.04894577556422,"down-regulated"
"C21orf91",-1.18676203103846,6.67914340964,-5.73482191607005,5.3131851085477e-06,0.000577301002566245,4.08650334711731,"down-regulated"
"DACT3",1.1843171394359,6.79422815816,7.20025307203765,1.37414280035433e-07,3.90494387708383e-05,7.60417276917768,"up-regulated"
"CCDC80",1.18264670027564,9.20218513844,8.92195310312754,2.62978593289281e-09,2.1589081516865e-06,11.3703622759256,"up-regulated"
"FAM19A5",1.18224783007692,5.09338718936,5.85984674936319,3.85685491058378e-06,0.000480435113001982,4.39544938211588,"up-regulated"
"RUNX1T1",1.17983609438462,6.40881570392,7.06954919500765,1.88491027105778e-07,4.88654720621419e-05,7.30098809176121,"up-regulated"
"IFI30",1.17703433705128,8.0347415964,3.23662042263562,0.00335054092568579,0.0443646444971854,-2.08069710389267,"up-regulated"
"DPT",1.17079531107692,7.86498507024,4.5990091593162,0.000101665502823792,0.00430544176437673,1.24315281886253,"up-regulated"
"PAM",1.16871508370513,9.46390036464,7.03844187597651,2.03279547151657e-07,5.17907218665524e-05,7.22849283910416,"up-regulated"
"PDGFC",1.16847201164103,7.05870481928,4.09903281120469,0.000374038394215743,0.0104879797937875,-0.00493419985707,"up-regulated"
"PCDH18",1.16794619537179,6.74244710524,5.91184273090952,3.37710439221827e-06,0.000457830014713848,4.52354613260894,"up-regulated"
"WNT2",1.16790389567949,3.33869649208,3.19199487031207,0.00374027404025177,0.0473385700245468,-2.18357938765419,"up-regulated"
"MYO1E",1.16615545715385,7.86750421928,5.45375345101125,1.09652582301797e-05,0.000947565034312079,3.38770459308613,"up-regulated"
"TTC12",-1.14937043816667,5.01013866568,-8.82056345545233,3.2838684287258e-09,2.42628618856406e-06,11.1606331563022,"down-regulated"
"LOX",1.14441220729487,10.37392044904,3.19488034277929,0.00371380679735619,0.0471468411035501,-2.17694464505864,"up-regulated"
"CYP39A1",-1.14357996513462,4.42014028412,-4.42230030005098,0.000161280464907049,0.00582699616120164,0.80022833847586,"down-regulated"
"FAM83D",-1.14275613108974,4.906978809,-3.2777444835422,0.00302627494616172,0.0412539343906197,-1.98538422431324,"down-regulated"
"CYB5R2",-1.14168659539744,6.80876673644,-9.8924892825946,3.3570429646577e-10,4.50972944443153e-07,13.3016280827481,"down-regulated"
"COL6A3",1.13814436079487,8.86713283872,3.1551278345723,0.00409482475135602,0.0493821474779219,-2.26813107012241,"up-regulated"
"NOG",1.1315043260641,4.09901012828,3.70335195636834,0.00103597407589613,0.0209419821060425,-0.974566537506425,"up-regulated"
"CERCAM",1.12824053009615,8.2273838056,3.79823972792602,0.000812670969738031,0.0178750054786951,-0.744164111172418,"up-regulated"
"ADAMTS2",1.12549731217949,8.179282637,3.19425897133364,0.00371949110591381,0.0471784721648828,-2.17837361017142,"up-regulated"
"PPM1H",-1.12548078229487,4.67909045996,-5.32267333593769,1.54008229281208e-05,0.00118417329570837,3.06014592017035,"down-regulated"
"PHLDA1",-1.12378590335897,7.05916413008,-3.58437796546767,0.00140216973738922,0.0251375074547085,-1.26113297817291,"down-regulated"
"C1orf21",-1.12323953591025,6.22047909184,-5.12048172196285,2.60537757136028e-05,0.00167076166417624,2.55337382054157,"down-regulated"
"KIAA1671",-1.12259851047436,6.04365708828,-8.95244168515747,2.4605243200586e-09,2.13877458102976e-06,11.433132094293,"down-regulated"
"PRKCE",-1.11561192265385,5.29654754428,-5.15630969166713,2.37330223609065e-05,0.00156563781887105,2.64328010055658,"down-regulated"
"KLF4",-1.11212784466666,8.84688983056,-3.52807104724898,0.00161692778193506,0.0276486828914852,-1.3957637105669,"down-regulated"
"MICAL1",1.10420702661538,7.30079287516,4.22100176831514,0.000272493016771672,0.00860390877956197,0.297842095047888,"up-regulated"
"RFX8",1.10376911184615,5.14583423284,3.52984739698338,0.00160968729007222,0.0275634363712166,-1.39152677295094,"up-regulated"
"FBLN7",1.10214213060897,7.164423228,5.89824806339482,3.49637208884251e-06,0.000465458471683115,4.49007739812378,"up-regulated"
"SPAG4",1.09498545757692,5.13472061356,4.02919055946284,0.000448211024796321,0.0117017920731718,-0.177615651361072,"up-regulated"
"C7orf69",-1.0937214174359,3.3815973304,-4.17430388290923,0.000307660193099356,0.0093931708128702,0.181750913760893,"down-regulated"
"SLFN5",-1.0929839039359,7.31181884788,-5.72356256250845,5.46903959622331e-06,0.000589897796448116,4.05861871558888,"down-regulated"
"ZNF423",1.08883584176923,5.51074736928,5.20919939099824,2.06815734323373e-05,0.00140834843598916,2.77592472502248,"up-regulated"
"SYBU",-1.0875073629359,6.23660976356,-9.63508236296091,5.72691940402049e-10,7.05222400276757e-07,12.8027740092308,"down-regulated"
"TSHZ3",1.08657796939744,5.95475213708,5.33356426414166,1.49716710927069e-05,0.00117375053271235,3.08739488588546,"up-regulated"
"CHST11",1.07835070277564,4.83092455264,5.12532075491264,2.57274611785606e-05,0.00166743286769996,2.56551906494874,"up-regulated"
"CNKSR3",-1.07598971469231,6.68964361764,-4.20123372273839,0.000286865135853498,0.00896195795456056,0.248674660844309,"down-regulated"
"KIAA1199",1.07589245108974,6.4680551696,3.69807925351149,0.00105000865839749,0.0211314877288565,-0.987323357822865,"up-regulated"
"HOXD4",1.06565513370513,3.85942607564,6.98759102626841,2.30052887141755e-07,5.76185002253172e-05,7.10970911523939,"up-regulated"
"PAPPA",1.06502970182051,6.11593363972,3.72258700171176,0.000986316187705821,0.020186695714306,-0.927986736576562,"up-regulated"
"ELK3",1.06399347376923,8.27749223464,5.54795455846167,8.5958134365949e-06,0.000803926171851664,3.62250220833102,"up-regulated"
"MFAP4",1.06250270917949,7.85202813856,3.40363199617351,0.00221129982007302,0.0336522939662399,-1.69079376049746,"up-regulated"
"ARHGAP24",1.06131289697436,5.70185891424,9.10299657672366,1.77472520690882e-09,1.74834095883278e-06,11.7410823497406,"up-regulated"
"RANGAP1",-1.05803087171795,8.43621756896,-5.71190834042857,5.63523624332803e-06,0.000599078316314089,4.0297458167734,"down-regulated"
"SLC4A4",-1.04936179235897,3.32258499936,-5.21162992464181,2.05512475175734e-05,0.00140645734400224,2.78201800184845,"down-regulated"
"TMEM170B",-1.04822597546154,4.44818316324,-6.54916977419731,6.77131117812036e-07,0.000135215763890655,6.07184692776316,"down-regulated"
"SLC38A1",-1.04537329713462,7.33397418176,-5.89200550541396,3.55256051051237e-06,0.000468715952355726,4.47470335249838,"down-regulated"
"COL6A2",1.04352264710257,9.47005331584,4.41229605724741,0.000165545748236119,0.00593754738273091,0.775197143757499,"up-regulated"
"ENPP5",-1.03989724735256,4.31365171804,-3.28740359095939,0.00295462661416231,0.0406884793352211,-1.96292929590602,"down-regulated"
"KYNU",-1.03748634978846,3.33937479764,-4.89269276347059,4.71971112242981e-05,0.00253611531840529,1.98110310379616,"down-regulated"
"RECK",1.0355562271218,6.56875314948,4.77553115308808,6.40969550769929e-05,0.00307569567925164,1.68658774156575,"up-regulated"
"CMTM3",1.0347904048718,8.8364365478,4.26403814560572,0.000243627227192911,0.00789491126366149,0.404998129477002,"up-regulated"
"FLT1",-1.03320121647436,5.5855554884,-3.66027801688282,0.00115622310448467,0.0223339984509412,-1.07863015670321,"down-regulated"
"DAAM2",1.03303864708974,7.08795282468,4.87543199949404,4.93733263046181e-05,0.00261501664087219,1.93771336231258,"up-regulated"
"CDK6",-1.02609396802564,7.56114773104,-4.68180396093678,8.18862182078409e-05,0.00372317737371466,1.45106087276482,"down-regulated"
"PION",-1.02294452362179,5.3414235312,-8.06730695442798,1.78474920488727e-08,8.90541389765186e-06,9.55486630450797,"down-regulated"
"CYR61",1.01952234505128,10.10438883224,3.55626888247121,0.00150565053276563,0.0262799245266424,-1.3284261141181,"up-regulated"
"LRRN4CL",-1.01912951671794,6.95428139936,-3.24182275369257,0.00330774031632824,0.0439554664158115,-2.06866599242272,"down-regulated"
"TWIST2",1.01873812639102,7.42499703636,3.41631098691705,0.0021421502649933,0.0330078774408822,-1.66090008799917,"up-regulated"
"SNAI2",1.014294744,10.02821854312,7.43312886401464,7.86671516738273e-08,2.47332872400882e-05,8.13856662457909,"up-regulated"
"COLEC10",-1.00162396044872,3.5354249786,-3.90564356501245,0.000616623000508197,0.014685085286562,-0.481621389303632,"down-regulated"
"FZD7",-1.00121905861538,8.16034744948,-4.30869205774222,0.000216883178304682,0.00716976001299393,0.516337411927065,"down-regulated"
"MAF",-1.00108346997436,6.53258908072,-3.59872628591704,0.00135205739032425,0.0247269208624027,-1.22672018475594,"down-regulated"
"NMNAT3",-0.999955589987181,4.71551675996,-3.16404873797426,0.00400618074438921,0.0488854535981923,-2.24770923193324,"down-regulated"
"SYT14",0.998630667602564,3.48592869068,3.55638175459423,0.00150522047157022,0.0262799245266424,-1.32815622945238,"up-regulated"
"SRPX",0.997752108205131,8.1151604304,4.50375144614913,0.000130389048634512,0.0050837967590295,1.00421850435369,"up-regulated"
"LDLRAD3",-0.997050442807693,4.54673923676,-5.87353111190441,3.72426658187367e-06,0.000480435113001982,4.42918494741638,"down-regulated"
"EFHD1",-0.995612524884613,5.51478083644,-3.98749514773069,0.00049923400031871,0.0126321589429958,-0.280432983559468,"down-regulated"
"TOP2A",-0.993044569551282,6.438241345,-3.48018588263894,0.00182451219080609,0.0299564629372684,-1.509716150987,"down-regulated"
"L3MBTL3",0.99247532474359,4.0411718428,5.45019425529743,1.10667130363085e-05,0.000950772200799599,3.37882276320941,"up-regulated"
"COL6A6",0.985108052025641,3.30024365328,4.59757954114435,0.000102045974987105,0.00430544176437673,1.23956453480132,"up-regulated"
"PPAP2A",0.979325630666672,10.31166730872,5.22029014961604,2.00935689154502e-05,0.00138748910216639,2.80372714041362,"up-regulated"
"TGFB1",0.976554152730769,7.63318115508,4.31755264998336,0.00021193394490395,0.00706940836082542,0.538447925863199,"up-regulated"
"FRMD3",0.976410336532052,3.98975794592,4.51418695564132,0.00012688361117407,0.00498659341042348,1.03037644246895,"up-regulated"
"PLXDC1",0.975412832961538,5.28638842336,3.34249230349942,0.00257629695762601,0.0368894768825965,-1.83438212358673,"up-regulated"
"ELN",0.974485893358974,9.98258634512,3.79813697204247,0.000812885137827913,0.0178750054786951,-0.744414436911874,"up-regulated"
"CDC42EP3",0.971368756307694,7.80001316472,5.49968515571368,9.73717500668661e-06,0.000877355091913464,3.50225824524808,"up-regulated"
"EZR",-0.967029326910257,8.69257933316,-4.6020315101291,0.000100865804181935,0.00429537172448547,1.25073900717577,"down-regulated"
"WLS",-0.961431515358973,6.88436266432,-3.73105223890111,0.000965208366532895,0.0199480895556036,-0.907466406544573,"down-regulated"
"PRSS12",-0.960971843358973,6.55623173888,-3.23175678494906,0.00339103764771329,0.0447005917219084,-2.09193796283845,"down-regulated"
"LOXL1",0.960836871358977,9.25242443456,3.47266015493946,0.00185941134133242,0.030179255176517,-1.52757815753131,"up-regulated"
"PTGFRN",0.95881678475641,7.87330923676,3.70820552788901,0.00102321762721146,0.0207124477771285,-0.962819324989034,"up-regulated"
"SOCS2",-0.954129816141026,6.91025694756,-4.01309477288465,0.000467266714182012,0.0120713290829853,-0.217331670385266,"down-regulated"
"TACC2",-0.951738100128202,6.2363061304,-4.40681768884039,0.000167928821974522,0.00597948000558437,0.761492363044145,"down-regulated"
"TCF21",-0.950555903910257,4.2233593262,-4.14528124854392,0.000331745366755536,0.00980440256909311,0.109702810628709,"down-regulated"
"EXOC6",-0.944412999128207,5.66333646488,-4.82987550585031,5.56125184111474e-05,0.00284355081163157,1.82319216481674,"down-regulated"
"MAP4K4",0.942749614538462,8.37922136144,6.45000096242567,8.67070475274285e-07,0.000158525286826134,5.83382801312987,"up-regulated"
"LRRC8D",-0.940315196089744,7.1863649678,-5.11135218543702,2.66807939746966e-05,0.00168370221034267,2.53045825206171,"down-regulated"
"SLC7A5",-0.939158251948717,6.32561779968,-3.9757451088706,0.000514620282339839,0.0128455133650943,-0.309368502059552,"down-regulated"
"COL16A1",0.937799704814104,8.94583058608,3.50486245518204,0.00171449237645618,0.0288883168151573,-1.45105710095361,"up-regulated"
"HLA-DPA1",0.936572873217949,8.06189147076,5.13114087458148,2.53404285329156e-05,0.00164958375520217,2.58012579089058,"up-regulated"
"NRP2",0.93390300571795,5.98809453636,3.4935232722224,0.00176422157081175,0.0294197838295133,-1.47802869540039,"up-regulated"
"RGN",0.93388472671795,4.58558231144,3.73369571480486,0.000958708130591043,0.0198693268523756,-0.901055858193589,"up-regulated"
"CDS1",-0.929059160461537,3.89510428844,-3.37758331331984,0.00236022599734605,0.0350523211686258,-1.7520851818618,"down-regulated"
"WASF3",0.926830062641026,5.43780105776,4.0653151922925,0.000408193432311391,0.0108878598362192,-0.0883679129180148,"up-regulated"
"HECW2",-0.92670944301282,5.0947514422,-3.60911153920121,0.00131688162910089,0.0243854133248419,-1.20178630524124,"down-regulated"
"RNF150",-0.92118087298718,5.34657883612,-4.35848506063563,0.000190488526661359,0.0065309720614267,0.64066071863697,"down-regulated"
"MTUS1",-0.920944307948719,5.3443387518,-3.84452529319428,0.00072162834550273,0.0163801874984544,-0.631236433507415,"down-regulated"
"SLC25A4",-0.919594234987178,7.81519789036,-4.3947370120048,0.000173305214973018,0.00614132173059063,0.731277314101976,"down-regulated"
"C3orf72",0.917230597858975,2.85249231328,5.30899182704194,1.59575573699686e-05,0.00120308584314299,3.02590706102811,"up-regulated"
"SNCAIP",-0.911810993384616,4.95515643056,-4.16211566414312,0.000317556350892165,0.009576592239048,0.151484023265654,"down-regulated"
"LAMA4",0.909292953782052,7.8132074982,3.24316028946299,0.00329682163719062,0.0438893093087979,-2.06557151301565,"up-regulated"
"SNTB1",-0.908573421461536,5.77692355816,-3.66754096922081,0.00113503088396272,0.0221256272753063,-1.06110757723244,"down-regulated"
"SYCP2",-0.908535124833333,3.96106702108,-3.18518968421516,0.00380341603423056,0.0477917336205995,-2.19921719652239,"down-regulated"
"STC2",0.906605127326926,7.01609407804,3.31641993910348,0.00274911331687176,0.0387911673926473,-1.89532156138172,"up-regulated"
"CYP2J2",-0.905013997538462,4.05643579672,-3.45492861398859,0.00194422419368958,0.0311941377960378,-1.56961156872975,"down-regulated"
"CTSK",0.902405916717948,11.71131567164,3.45447785562232,0.00194642853048008,0.0311956338339524,-1.57067915806462,"up-regulated"
"RAB20",0.902287506320515,5.30500909788,3.87952371870169,0.000659518715785592,0.0154204241505755,-0.545628766754741,"up-regulated"
"ADM",0.899590901307693,9.31317557132,4.72702574832498,7.27588471295615e-05,0.00337039963646875,1.56468243434057,"up-regulated"
"TMEM56",-0.897708548826923,3.58054603764,-3.48747181167663,0.00179133254920321,0.0296422408505888,-1.49241097548291,"down-regulated"
"GADD45B",0.896610392628206,7.094744325,4.54749119561414,0.000116312688591958,0.00465786612282755,1.11388808965126,"up-regulated"
"RCAN2",-0.892322551730767,6.8068956104,-4.00575738567366,0.000476216731124832,0.0122383558884028,-0.235426106616192,"down-regulated"
"FAM59A",-0.890155035833333,5.9769514678,-4.53257726386275,0.000120933233349691,0.00481679350190939,1.07648531285635,"down-regulated"
"SKAP2",0.889967932955128,6.24054733528,3.47722957195488,0.00183814487346524,0.0300800296735281,-1.51673438081508,"up-regulated"
"PKP4",-0.888486668679488,6.45626381888,-3.72509000327524,0.000980028358860415,0.0201120613595339,-0.921920598734874,"down-regulated"
"NES",-0.885163413666666,7.98330716944,-3.39556061273152,0.00225644316080577,0.033954644182512,-1.70980338597951,"down-regulated"
"GMDS",-0.883509280948716,7.01468551176,-5.97129750210478,2.90207072763539e-06,0.000416348535361827,4.669722358218,"down-regulated"
"ROR1",0.882335686051283,6.27136951792,4.87850011948295,4.89792786474471e-05,0.00260347769990405,1.94542601144038,"up-regulated"
"SMURF2",-0.881254115865384,6.101595825,-3.83915303099894,0.000731658166692922,0.0165569873341827,-0.644360854470657,"down-regulated"
"FRMD6",0.880594000076924,9.10422231896,6.47560768698184,8.13358138478899e-07,0.000158144647530299,5.89539745011883,"up-regulated"
"MALT1",0.877958164653847,5.73445181388,5.46585548988514,1.06272607159256e-05,0.000929225039048709,3.41789923657644,"up-regulated"
"NOTCH3",0.876121579807691,8.652547741,5.95911486407018,2.99355325733886e-06,0.000425343620035542,4.63979624246645,"up-regulated"
"ARNTL2",-0.874361467179486,6.5123647196,-4.00356472301012,0.000478923994784018,0.0122652684071463,-0.240832062498858,"down-regulated"
"PTGIR",0.873776309038463,4.6605500518,4.11192806690035,0.000361736827520458,0.0103392361707346,0.0270073278702307,"up-regulated"
"GPT2",-0.873415523782051,6.3774295982,-3.37193316639351,0.00239378948190033,0.0353825607969447,-1.76535733951141,"down-regulated"
"CDH18",0.872813775743591,3.46572413528,3.25120302179383,0.00323189587339784,0.0432980283963734,-2.04695343561463,"up-regulated"
"SAV1",-0.872664510269233,7.98433554684,-3.59265458905709,0.00137304603898998,0.0248950936419079,-1.24128757513072,"down-regulated"
"DYRK2",0.871698909846155,6.64027448888,6.24885354533713,1.43641168710741e-06,0.000238492758431305,5.34761647244723,"up-regulated"
"GLIPR2",0.870448105173077,6.98430520956,4.99260579003856,3.63622561437948e-05,0.0020907589845792,2.2322176741207,"up-regulated"
"RASSF2",-0.867732375179487,6.43521234576,-3.22837591750136,0.00341946575176632,0.0449162178847915,-2.09974784965015,"down-regulated"
"ITPR1",-0.867530380288463,6.375468243,-4.22625974286278,0.000268792021465272,0.00852347575363161,0.310925563535358,"down-regulated"
"C14orf37",0.864557853833333,6.40023758284,4.13954029825615,0.00033672631118596,0.00986658450842152,0.0954607560774665,"up-regulated"
"GLYATL2",-0.863206363038462,4.97316682828,-3.52723667345789,0.00162033967544334,0.0276486828914852,-1.3977536163046,"down-regulated"
"NIPAL3",-0.862346336435897,6.69389251028,-5.24469095894065,1.88584665056445e-05,0.00133976711323994,2.86487871314004,"down-regulated"
"PLBD1",-0.862217679653844,5.17142862892,-4.63488759905234,9.25673381553462e-05,0.00408318673409418,1.33322613005764,"down-regulated"
"CD82",-0.859336125153844,8.22600441208,-3.64008934484773,0.00121718458759437,0.023214240295668,-1.12728450930264,"down-regulated"
"ADAMTS4",0.855201026076925,4.58124877744,4.44016038665934,0.000153936083548247,0.00563147621849421,0.844929072296716,"up-regulated"
"CXCL12",0.854783687961541,9.74112106576,4.1391811237535,0.000337040386589209,0.00986658450842152,0.0945698309584477,"up-regulated"
"PPAP2C",-0.853756847602564,6.95501056292,-4.44928976599374,0.000150311538828903,0.00555865361818742,0.867784937825304,"down-regulated"
"TMEM65",-0.852942290820513,5.98583053856,-4.36014152782781,0.000189667641969631,0.0065309720614267,0.644799468172089,"down-regulated"
"BEX4",-0.852469236269231,7.80086487436,-3.81765310171765,0.0007731875271346,0.0172677372872132,-0.696840381210972,"down-regulated"
"TNIK",0.850601080935899,4.59050815308,4.90966946963063,4.51505525705844e-05,0.00245392946730228,2.02377745571448,"up-regulated"
"AURKA",-0.850094248884614,6.64283654492,-3.16192527880456,0.00402711204585997,0.0488854535981923,-2.25257247255909,"down-regulated"
"NEFL",0.849945784038463,3.9781010098,3.54124658116778,0.00156396989344291,0.0270935323744501,-1.36432124343586,"up-regulated"
"PHF17",-0.849732704025643,6.38723812376,-5.60594147654306,7.40172874434706e-06,0.000724340037451765,3.76675208704838,"down-regulated"
"TMTC2",0.849446974756411,3.92982173196,4.50650670387387,0.000129454244382476,0.00506098966874077,1.01112444963829,"up-regulated"
"CXXC5",0.849320541000001,9.80305050868,4.7583599405559,6.70384824263281e-05,0.00317508863722388,1.6434293840481,"up-regulated"
"RASL11B",0.848295189371797,3.83006330636,3.38871333247757,0.00229543981891325,0.0344362580752092,-1.7259173826751,"up-regulated"
"KRT33B",-0.846977028512819,5.19813789216,-4.62062407397774,9.60826465442858e-05,0.00418823972856906,1.29741293450477,"down-regulated"
"B3GALTL",0.844459030884614,5.04832920244,6.19438368686154,1.64800780759964e-06,0.00026470229753152,5.21519609788912,"up-regulated"
"PPFIBP2",-0.844336873294872,5.19434911028,-3.59928836230542,0.00135013032276778,0.024726460286352,-1.22537125656781,"down-regulated"
"SSC5D",0.840418971544873,7.20046693088,3.20595811447116,0.00361385982205477,0.0463559084987009,-2.15145006561249,"up-regulated"
"MEF2C",0.839143348500002,6.17426462828,6.38841663699969,1.01152026928358e-06,0.000182283353892726,5.68544580009235,"up-regulated"
"DLX2",-0.838389548339743,3.77575160072,-5.33048240150774,1.50918725868138e-05,0.00117375053271235,3.07968467688759,"down-regulated"
"RUNX3",-0.837539695923078,5.45941686388,-3.40117251285789,0.00222496210004902,0.0337817301201861,-1.69658800679479,"down-regulated"
"SH3BGRL2",-0.837445785679488,5.62146225572,-4.13749423058318,0.000338519352247585,0.00986658450842152,0.0903856989618204,"down-regulated"
"GNG2",0.837339777455131,4.93476509564,3.59126481533412,0.00137789476512692,0.0249061747875215,-1.24462090535319,"up-regulated"
"DOCK4",-0.833786559320512,3.18828266268,-4.9456941458901,4.1097782754194e-05,0.00228308998405536,2.11432583911625,"down-regulated"
"MMP2",0.832835030358976,7.68963422288,3.40707723184127,0.00219229853462096,0.0334698263358296,-1.68267470278271,"up-regulated"
"ADAM19",0.832122694628206,5.62057312696,3.6320602513744,0.00124229300882547,0.0235512318844906,-1.14661262928699,"up-regulated"
"CTTNBP2",-0.831815405269231,3.59526122924,-3.48373176006196,0.0018082904903289,0.0297894187018842,-1.50129566836331,"down-regulated"
"PLCB1",-0.830662906333333,5.06129356196,-6.35821152361311,1.09109255757569e-06,0.000192484208486378,5.61251259284743,"down-regulated"
"PRR16",0.827921558320513,6.67194710784,3.22564064743375,0.00344263329939224,0.0450708217194125,-2.10606398991323,"up-regulated"
"SMAD6",0.826815151852566,5.15113106412,3.9365253124968,0.000569441326995639,0.0138626597842085,-0.405820793765013,"up-regulated"
"ATP1A1",-0.825772308333335,9.798079692,-4.04478867587883,0.000430477493072166,0.0113188005607249,-0.139098248323665,"down-regulated"
"CLU",-0.823806060230768,7.83227093432,-3.21691542110593,0.00351755057250165,0.0457560253607895,-2.12619740858939,"down-regulated"
"ACVRL1",0.823678612102564,4.80600193104,6.16994119025281,1.7530010089418e-06,0.000275575488395032,5.1556737686738,"up-regulated"
"HOXD10",0.822985830371795,5.15149769004,3.16494842363384,0.00399734396473307,0.0488854535981923,-2.24564831976471,"up-regulated"
"RNF144B",-0.822681055891023,6.26249458648,-4.04632478699874,0.000428769038787971,0.0113141430110176,-0.135303494942828,"down-regulated"
"NR2F1",0.822347811653846,5.57912553644,4.76844275950613,6.52952453508308e-05,0.00310246894067276,1.66877132175867,"up-regulated"
"GALNT7",-0.822266073448716,6.14863574436,-4.58087929091479,0.000106597214791743,0.00442468270499322,1.19765243313435,"down-regulated"
"SPON2",0.819370342993588,6.75772796456,3.468280453174,0.0018800193445572,0.0304152392903336,-1.53796720986442,"up-regulated"
"ZDHHC2",-0.819166362173078,6.22467315908,-7.07779227284991,1.84759577238808e-07,4.87534334438905e-05,7.32017686744264,"down-regulated"
"RASSF7",-0.818229216435897,5.34542582288,-4.81966869263354,5.7115393709964e-05,0.00288881893193701,1.79753433525106,"down-regulated"
"APLP2",0.818110404102564,11.4274017532,4.08286331578117,0.000390049637217723,0.0106922399120237,-0.0449609003300644,"up-regulated"
"FBLN5",0.81478433229487,10.04175098604,3.36885020958794,0.00241229770672155,0.0355753724672897,-1.77259578226875,"up-regulated"
"HOXD1",0.814662325807693,3.41908075508,5.5947165054469,7.6190119024676e-06,0.000740698282123446,3.73884630639436,"up-regulated"
"DUSP5",-0.81444886048718,6.01612802712,-4.09607471299037,0.000376918147783457,0.0104891138790888,-0.0122589160232183,"down-regulated"
"RAB11FIP2",0.813007892628206,5.645617825,5.29096925901501,1.6722028925026e-05,0.00124171568555331,2.98079135365541,"up-regulated"
"PDCD4",-0.812947726474358,8.0498534786,-4.02091202318407,0.000457914056978664,0.0118874656548246,-0.198046658472395,"down-regulated"
"PDIA5",0.81146584153846,8.3000944724,4.90950929197996,4.5169440015309e-05,0.00245392946730228,2.02337482497838,"up-regulated"
"MID1",-0.811377835499999,5.55704171096,-3.52219714725101,0.00164109675158111,0.0278571477778276,-1.40976919849692,"down-regulated"
"MMP14",0.809275839256406,9.68817631992,3.31550269285657,0.00275539293438667,0.0388145294484575,-1.89746219138967,"up-regulated"
"GK",-0.806188637820513,4.759406575,-4.51890303287227,0.0001253303965629,0.00495189109628335,1.04219942660479,"down-regulated"
"NAPRT1",-0.797761066141025,6.65906954756,-4.02753212740713,0.000450138420257359,0.0117313852489294,-0.181709232855104,"down-regulated"
"GLIPR1",0.797413380839746,6.72953677988,3.48786416343059,0.00178956256273092,0.0296422408505888,-1.49147873889319,"up-regulated"
"ARHGAP1",0.794720158153849,8.02270831176,5.4634636996624,1.06932166447314e-05,0.000929492131524679,3.41193238782595,"up-regulated"
"SYNGR1",-0.79090359272436,6.7886831908,-6.45111587622364,8.64658338090695e-07,0.000158525286826134,5.83651031329928,"down-regulated"
"SMAGP",-0.790749249333333,7.99732568432,-4.29789041537301,0.000223072158185113,0.00732519395889204,0.489390975357074,"down-regulated"
"CSF2RB",0.789233747576922,6.04056820076,3.20149417910541,0.00365381926758001,0.0465452476870947,-2.16172778259694,"up-regulated"
"ADAMTS1",0.788604332192312,8.66841365376,4.60529475101054,0.000100009418122934,0.00428359180174665,1.25893015234509,"up-regulated"
"NEDD4L",-0.787910108653845,5.865690614,-3.20811118349889,0.00359473712734218,0.0462845388898738,-2.14649077727177,"down-regulated"
"TMEM44",0.787834550000002,5.657686234,9.02630949335606,2.09530119630915e-09,1.93514161111627e-06,11.5846417390557,"up-regulated"
"AHRR",0.787151244089745,5.13247421324,4.06090427784445,0.000412883766317334,0.0109536506550651,-0.0992733333306912,"up-regulated"
"LAMB1",0.784396120102567,8.38617662288,4.08387414115555,0.000389029139603637,0.0106852854942806,-0.0424594885401586,"up-regulated"
"PRRX2",0.784272936243589,8.90719630432,4.41038839361073,0.000166371731856715,0.00595272416863604,0.770424703709716,"up-regulated"
"MLF1IP",-0.778813453935896,5.10030096388,-3.35434206299557,0.00250127370770811,0.0362635008980079,-1.80662683065721,"down-regulated"
"MAGEE1",0.778476291769234,5.61643823528,4.15164888500263,0.000326306003756603,0.00974105821719459,0.125503348600011,"up-regulated"
"CDCA7",-0.778404604858974,5.71240532436,-4.97941359050038,3.76356745989089e-05,0.00213081365344091,2.19906783322462,"down-regulated"
"FLVCR2",-0.777704510794871,4.02511071028,-4.7944899095115,6.09990754111965e-05,0.00299462902774502,1.73424198801562,"down-regulated"
"SMAD9",0.7768772305,5.54105431864,3.84968145060392,0.000712129177445201,0.0163786175717237,-0.618635808009118,"up-regulated"
"QPCT",0.776829973435897,7.71726874248,4.16035537846507,0.000319011425876299,0.00958799703397559,0.147113894723658,"up-regulated"
"RALGPS2",-0.776100489628207,5.80416798644,-4.75702677424111,6.72724365447027e-05,0.00317598975981173,1.64007871423296,"down-regulated"
"NFASC",0.774752323705127,6.21047901684,5.11645044738493,2.63287963467264e-05,0.00167698544661886,2.54325541874153,"up-regulated"
"FOSL2",0.774063098846155,8.2486604036,6.35236898976266,1.10720428512838e-06,0.000192484208486378,5.59839346945306,"up-regulated"
"ARHGEF25",0.771872576115385,6.56460262092,4.07097885999181,0.000402248145164529,0.010807310620175,-0.074362013519699,"up-regulated"
"ENPP4",-0.770872708032051,5.86234155176,-3.75267151977813,0.000913290547990402,0.0192586944629175,-0.855003088357152,"down-regulated"
"LPAR1",-0.770198608307694,7.64397623432,-3.28186729949774,0.0029954902067399,0.0409855173935143,-1.975802870208,"down-regulated"
"SH3PXD2A",0.769351612320515,7.79143460776,5.05804089623665,3.0657425125015e-05,0.00185665889783749,2.39660094499983,"up-regulated"
"ISOC1",-0.768095712282054,6.64180804672,-4.86274963255764,5.1036168956243e-05,0.00267433144917164,1.90583216232862,"down-regulated"
"KIFAP3",0.76746773573077,8.50262821292,4.49267247891926,0.00013421634539695,0.00515146736605383,0.97645291843507,"up-regulated"
"TMEM48",-0.765367675891026,6.23588175188,-5.7076441815025,5.69731511209852e-06,0.000601351610081999,4.01917891332523,"down-regulated"
"WIPF1",0.763848964128203,6.07019518532,3.96460432650719,0.000529640382904835,0.0131076552596981,-0.336787310229909,"up-regulated"
"KRBA1",0.762296516525639,7.71455026324,3.88875292593411,0.000644036458342505,0.0152270827918835,-0.523023566925892,"up-regulated"
"TRPV4",-0.761752770743592,6.00873252712,-4.85780936099684,5.16990023512134e-05,0.00268998647092916,1.89341313863147,"down-regulated"
"KIF26B",0.761671888923077,6.04323001176,3.73814040745202,0.000947875363555306,0.0197000762971262,-0.890274529766696,"up-regulated"
"CAPN5",0.759351538025641,4.70071427256,5.75261859243061,5.07595259808659e-06,0.000559756354790489,4.13055788254766,"up-regulated"
"PIR",-0.755121949205127,6.58025651992,-3.44436046329188,0.00199654943210574,0.0314674688946437,-1.59462893362196,"down-regulated"
"PHACTR2",0.753534393333338,7.6857539278,5.56778871772476,8.16691824416848e-06,0.000768678668115144,3.67186758956963,"up-regulated"
"FOXN3",0.748054208833334,7.53933601324,4.1019643858855,0.00037120593669241,0.0104839449908836,0.00232576092384118,"up-regulated"
"SMYD2",0.747931104512824,7.28818220032,5.84203588075934,4.03661778629657e-06,0.000489217963627486,4.35151676224675,"up-regulated"
"LIPA",0.747521868269233,7.330988041,3.85236062418836,0.000707242002021379,0.0163295547872967,-0.612086844319863,"up-regulated"
"EVI2A",0.747139825410257,5.69213042712,3.20961340763402,0.00358145272956994,0.04618073907928,-2.14302981570466,"up-regulated"
"VGLL3",0.743307033762822,6.98845136536,4.54876671738309,0.000115925786657463,0.00465498736260143,1.11708738139083,"up-regulated"
"FUCA1",-0.742557980237179,7.15412797764,-3.59352680692394,0.00137001150489992,0.0248938661580541,-1.23919538587802,"down-regulated"
"ERRFI1",-0.741298266692308,7.44610941568,-3.32137265308733,0.00271544465457028,0.0384349862649282,-1.88375926858446,"down-regulated"
"CD109",0.741278593602562,7.39315660616,5.47806183741064,1.02970004594025e-05,0.000916619131256571,3.44834539876623,"up-regulated"
"LGR4",0.739618707820515,7.0585209036,4.83258982545687,5.52195682181554e-05,0.00283326235958223,1.83001545634017,"up-regulated"
"SYNPO2",0.738829830743588,4.75841385968,3.183178708238,0.00382227038285071,0.0479471047940449,-2.2038356338701,"up-regulated"
"AGPAT4",0.737855108602565,5.47710144836,4.34990046025141,0.000194799673140533,0.00658790628224007,0.619214628505415,"up-regulated"
"SEC23A",0.732963722519234,8.88099423704,3.61608421996946,0.00129376777669096,0.0241084570443409,-1.18503350967996,"up-regulated"
"RND3",-0.732702583391022,9.44936817528,-3.43099272181001,0.00206469883043946,0.0323004513588206,-1.62623575755685,"down-regulated"
"GPR68",0.732629450487182,5.93256604608,3.55608959272439,0.00150633390228504,0.0262799245266424,-1.32885480214542,"up-regulated"
"ADRA1D",0.73169747342308,4.41178380932,3.78763982673021,0.000835058266154276,0.0181517115660155,-0.769977711392094,"up-regulated"
"ANO5",-0.730817145743591,2.94998667712,-3.29948576097247,0.00286730936935425,0.0399347895126811,-1.93480556501847,"down-regulated"
"MAK16",-0.730636662871796,7.66587296536,-5.05389498004148,3.0990586007674e-05,0.00186917505892,2.38618827496895,"down-regulated"
"KIF3C",0.727091634108976,4.73452769268,7.88924450061419,2.69242807245177e-08,1.09391957184458e-05,9.16306853577919,"up-regulated"
"HIVEP2",0.726779265826925,6.29132115252,6.78026195180973,3.82225708310221e-07,8.82523326828147e-05,6.62191745261501,"up-regulated"
"CCDC99",0.726770235102565,7.44660493808,3.92397903394728,0.000588164630298515,0.014155225964041,-0.436632075611579,"up-regulated"
"HOXD3",0.726452500833334,3.9106870304,4.99079993148966,3.65339832398488e-05,0.00209249097029165,2.22768000030163,"up-regulated"
"ATOH8",0.72477955973077,7.54308915244,3.14727562997145,0.00417440646835067,0.049903908925191,-2.28608634316683,"up-regulated"
"TRIM32",0.719935783583336,6.26779938012,12.4997894220039,2.34487914610287e-12,1.15500930473207e-08,17.8442379995014,"up-regulated"
"HSPB6",0.719410749833335,7.04282232892,4.60641208397178,9.97178635258695e-05,0.00428359180174665,1.26173487321181,"up-regulated"
"NEGR1",0.718835862397436,9.01058903072,4.68232112485097,8.17756211828171e-05,0.00372317737371466,1.45236005296828,"up-regulated"
"C11orf54",-0.71793065128846,6.00308549892,-5.36648707589305,1.37462734179654e-05,0.00111609166097404,3.1697322859775,"down-regulated"
"AMOT",-0.717514326512821,4.95494916112,-4.6276191501395,9.43423228164866e-05,0.00412454587058942,1.31497563935357,"down-regulated"
"PRKD1",0.715541390000002,7.3299477572,3.83706186506574,0.000735599246360289,0.0165888489416014,-0.649468367958165,"up-regulated"
"HOXD9",0.714653096961541,5.46659665408,4.49342304515209,0.000133953557863733,0.00515146736605383,0.978333777332338,"up-regulated"
"GALNT10",0.714485385025641,7.28164151112,3.14769808714673,0.004170087328939,0.0498958546232644,-2.28512081072649,"up-regulated"
"SPEG",0.714407970224358,5.3960337884,4.78394394320514,6.27033148475557e-05,0.00305241636483644,1.70773356610928,"up-regulated"
"SSFA2",-0.713411785589741,8.26345620784,-3.96964459326987,0.000522792236519227,0.0130084932791591,-0.324384595555524,"down-regulated"
"KATNAL1",0.712809427717954,6.33045680392,4.50648494015133,0.000129461602137376,0.00506098966874077,1.01106989841777,"up-regulated"
"CLTB",-0.711318889153847,6.04906873136,-3.47728217127161,0.0018379014542973,0.0300800296735281,-1.51660952842766,"down-regulated"
"TBC1D8",-0.710923802282052,6.33628297352,-3.85492418858762,0.000702596600012798,0.0163229927148988,-0.605819458564874,"down-regulated"
"SLC7A2",-0.710471280371797,4.99964269396,-4.35277200896831,0.000193346904120839,0.00658790628224007,0.626387805434705,"down-regulated"
"PGD",-0.710236428730767,9.39861201744,-4.64855216262387,8.93202255209308e-05,0.00399542557957298,1.36754050199086,"down-regulated"
"FLNC",0.709992349846155,9.33531343008,5.19751088232158,2.13200324700713e-05,0.0014385667571244,2.74661895360789,"up-regulated"
"SALL1",0.70982060847436,2.37495130576,4.21099774883105,0.000279674769314748,0.00879309375779581,0.272955618445445,"up-regulated"
"INPP4B",0.709522854461538,5.52074959368,4.63991902957892,9.13582220729474e-05,0.00405223350838804,1.34586047070006,"up-regulated"
"PIM3",-0.708683079858974,7.86716595636,-3.18935174053828,0.003764677606749,0.0474259514023273,-2.18965473454226,"down-regulated"
"MANSC1",-0.703759765102563,6.26332770752,-3.48923479264884,0.00178339269413647,0.0296422408505888,-1.48822181933506,"down-regulated"
"NMT2",-0.69968551452564,6.48907143972,-3.53268161082874,0.00159820025720352,0.0275157214816701,-1.38476520514128,"down-regulated"
"S100A16",-0.697897095025642,10.72594738208,-3.89031551858459,0.000641450815084828,0.0151902543181226,-0.519195069803334,"down-regulated"
"SOCS5",0.696561338974358,7.6277388304,6.64231147453947,5.37345132467609e-07,0.000115765416138173,6.29433836958194,"up-regulated"
"FAM169A",-0.693250557525642,3.21239907108,-3.49501239984425,0.00175761163833215,0.0293803474882739,-1.47448827424389,"down-regulated"
"KIAA1324",-0.692396989705127,6.29687736748,-3.21610638535359,0.00352457621875074,0.0458070912792258,-2.1280631393371,"down-regulated"
"ERBB4",-0.691501883814102,2.974572566,-3.72457912840799,0.000981308536253906,0.0201120613595339,-0.923158816977383,"down-regulated"
"CDK1",-0.69090116202564,4.80387016592,-3.29850517350615,0.00287430201337551,0.0399939367717983,-1.93708955861753,"down-regulated"
"GYPC",-0.689792371858973,10.4313376892,-5.26577595344133,1.78529357213347e-05,0.00129957059681854,2.91770121906442,"down-regulated"
"TSHZ1",0.688105689089743,7.77469091684,5.81041162761025,4.37698200177332e-06,0.000509280811340192,4.27344554807717,"up-regulated"
"CYP7B1",0.687009591358977,5.78200285816,4.34022605949596,0.000199774465760285,0.00670924381940848,0.595051863316412,"up-regulated"
"KCNK2",0.685608762243591,5.1529160678,4.99750831425589,3.59001294898777e-05,0.00208037730773303,2.24453624329549,"up-regulated"
"FLI1",0.683894161602564,4.6773498518,4.01089730868446,0.000469929579614433,0.0120978212508057,-0.222751438929809,"up-regulated"
"TBX5",0.682617304500002,2.57358683816,3.71662909784401,0.00100144261509667,0.0203553198394547,-0.942421524239616,"up-regulated"
"ABCA3",-0.682587865871795,4.79900482492,-3.74935395325144,0.000921075839938191,0.0193334342141572,-0.863059032906736,"down-regulated"
"SCNN1G",-0.68035251476923,3.28854779968,-3.15088560751677,0.00413763670895624,0.0496281312079922,-2.27783391854883,"down-regulated"
"GAS7",0.68027480901923,5.78595529956,3.42306640002163,0.0021061689279108,0.0326920779913214,-1.64495666554301,"up-regulated"
"HSD17B11",0.679941587397437,7.42260777172,5.81974674957709,4.27359102730046e-06,0.000501197258812848,4.29650001892851,"up-regulated"
"SPATA13",-0.679765683198719,5.74420765668,-4.92395732475921,4.34972723383672e-05,0.00238943938046116,2.05969141617899,"down-regulated"
"PRDM6",0.675890801294872,5.31247003316,5.41225051003152,1.22090169246143e-05,0.00102113877445099,3.28409102731044,"up-regulated"
"PTPRK",-0.673369147570512,6.35304910432,-4.86564751651345,5.06513325453002e-05,0.00266361117801388,1.91311694931848,"down-regulated"
"SAMD3",0.670519537519231,3.03319998824,3.35457927370095,0.00249979369331546,0.0362635008980079,-1.80607085023963,"up-regulated"
"GRB10",0.669645096801283,6.17566557108,4.20229207800921,0.00028607697535354,0.0089562700525408,0.251306144216948,"up-regulated"
"ST3GAL2",0.667953343794873,6.34956615756,3.44492753867028,0.00199370730457432,0.0314674688946437,-1.59328719713273,"up-regulated"
"SACS",0.666711016153849,7.2707513366,4.8400767170961,5.41500566595753e-05,0.0027880675514235,1.84883617993592,"up-regulated"
"FZD5",-0.665049763000001,5.28568599576,-3.71896621759683,0.000995482033444674,0.0202899834596027,-0.936759909957702,"down-regulated"
"SMAD3",-0.66452924678205,7.93409508316,-3.83114955917065,0.000746855025051161,0.0167750485536372,-0.6639050697576,"down-regulated"
"MELK",-0.664402737423076,5.45639265996,-3.47204916567077,0.00186227301415007,0.030179255176517,-1.52902774508464,"down-regulated"
"EHD1",-0.663992731647435,8.33787062304,-4.84216236992912,5.38558326720511e-05,0.00278261412375839,1.85407915884454,"down-regulated"
"TRPC1",0.66361861546154,5.20612876896,3.31233827755536,0.0027771636964069,0.039009646332514,-1.90484544834676,"up-regulated"
"RRP15",-0.663567699705126,5.31699346668,-4.34560889999355,0.00019699110551135,0.00663691454813692,0.608495260590271,"down-regulated"
"GGT5",0.661703428628206,7.06280497828,4.96369473458162,3.92115827482846e-05,0.00220699863288497,2.15956574336697,"up-regulated"
"SLC25A29",-0.661111879641024,5.10975804608,-4.43478999205749,0.000156108760799151,0.005695849773652,0.831486077037628,"down-regulated"
"HIC1",0.660394842737181,6.26601254336,3.56674408695151,0.0014662445066686,0.0259170993720596,-1.30336776728166,"up-regulated"
"PCBD2",-0.659424353051282,4.91284986992,-4.95123512470769,4.05076651005276e-05,0.00225879912147357,2.12825207055248,"down-regulated"
"ST5",0.659082939025641,6.29932094704,4.45796246553316,0.000146947073289627,0.0055112611725909,0.889501482681089,"up-regulated"
"OCIAD2",-0.65861841430769,6.44552371144,-3.33433627945055,0.00262919532440962,0.0375015630393831,-1.85346453249881,"down-regulated"
"APPL2",0.658253968884615,7.56457024068,3.46801613578981,0.00188127013002401,0.0304152392903336,-1.53859405324484,"up-regulated"
"TWSG1",0.65787258878205,7.315620221,4.95132139848167,4.04985444429557e-05,0.00225879912147357,2.12846890118877,"up-regulated"
"TOB1",-0.656963889282048,9.04422245376,-4.61074230217497,9.85959419865759e-05,0.00426009425361296,1.27260490948096,"down-regulated"
"TTYH3",0.654870462134621,8.51369551744,3.59435775314543,0.00136712664990624,0.02487934791338,-1.23720205084201,"up-regulated"
"GPR65",0.654576668346154,2.80459394396,3.22517711969877,0.00344657430756825,0.0450708217194125,-2.10713413034609,"up-regulated"
"ZNF436",0.654337835500001,6.25187361404,4.59847833794396,0.00010180660763418,0.00430544176437673,1.24182047112314,"up-regulated"
"HOXA4",0.653991718961539,4.14080260964,5.23566398203446,1.93062177825011e-05,0.00135620497112232,2.84225866185104,"up-regulated"
"H2AFY2",-0.65278649925641,6.14569990328,-4.81832442011855,5.73163366049509e-05,0.00288881893193701,1.79415513709405,"down-regulated"
"PPTC7",-0.651751695384615,7.0779549006,-6.57434382157657,6.36047646063668e-07,0.000130539945359484,6.13208387991685,"down-regulated"
"EGFR",-0.650736729910256,6.27148052172,-3.98513943085869,0.000502281912026729,0.0126446953743941,-0.286235552603731,"down-regulated"
"BAG1",-0.650435110282051,7.24489930768,-4.19663691447684,0.000290313446897067,0.00901252479999572,0.237246373314653,"down-regulated"
"LPHN2",-0.646917006679484,7.73509938864,-3.6331585845438,0.00123882866424729,0.0235297829968923,-1.14396939675151,"down-regulated"
"PCCB",-0.646623720910254,7.72136769004,-5.08929836870027,2.82587861509489e-05,0.00173791932853566,2.47509279661488,"down-regulated"
"CALHM2",0.646418308461537,7.2610604696,4.61233492985894,9.81864845492161e-05,0.00425484364276765,1.27660298255538,"up-regulated"
"STK40",-0.643674561384616,6.70229206992,-4.07890870266345,0.000394067589074331,0.0107195447303406,-0.0547460008380858,"down-regulated"
"NBEA",-0.643197065602562,5.09024546028,-3.7982628119403,0.000812622864697713,0.0178750054786951,-0.744107875491413,"down-regulated"
"AP1S3",-0.642322087653846,3.29171876908,-3.84955064619897,0.000712368630802288,0.0163786175717237,-0.61895551802489,"down-regulated"
"ITPRIPL2",0.642259258717948,6.4954715738,4.45222023145556,0.000149166204843054,0.00555865361818742,0.875122427718926,"up-regulated"
"FOXC1",-0.641319147166666,9.62376536036,-4.13408169928309,0.000341530926462952,0.00993465059122646,0.0819222053806845,"down-regulated"
"GSR",-0.640968795141026,7.68079706864,-6.27312818995079,1.35121560773005e-06,0.000226896739038943,5.40652861004313,"down-regulated"
"ATP6V0E2",-0.637731773134618,5.68679554428,-3.84756287125012,0.000716017253253941,0.0163786175717237,-0.623813685511964,"down-regulated"
"XKR6",-0.636350892615384,3.03912465216,-4.99397360920924,3.62327238353278e-05,0.0020907589845792,2.23565463030197,"down-regulated"
"FKBP1B",0.635142417346154,6.40007246748,4.32283658685236,0.000209036097099499,0.00698852128244186,0.551636009785117,"up-regulated"
"TMEM98",0.634550658301279,9.5363051056,5.4431747301484,1.12695903137722e-05,0.000953228853967972,3.36130368447812,"up-regulated"
"EPS8",0.63416716872436,7.69030193168,3.90571819441189,0.000616504464001952,0.014685085286562,-0.48143836833996,"up-regulated"
"RHOJ",0.63381931723077,6.19085108104,3.57465294778086,0.00143716098248267,0.0255441285873975,-1.28443328665036,"up-regulated"
"CD99",0.633784155641029,11.2006813824,4.18258435826667,0.000301111840951629,0.00921368449938189,0.202321731742036,"up-regulated"
"SPECC1",0.63258602396154,6.48189345604,5.23624735181589,1.92769608607907e-05,0.00135620497112232,2.84372058377097,"up-regulated"
"WARS",-0.631846238205124,8.6712310572,-3.97779063893561,0.000511908499234979,0.0127994448277416,-0.304332467585348,"down-regulated"
"AK5",0.629432753551283,5.98618279532,3.34485281636243,0.0025611803646207,0.0367799438756074,-1.82885607098438,"up-regulated"
"ALDH5A1",-0.628323860089743,4.59924585508,-3.23972941204164,0.00332489888062929,0.0441041568752774,-2.07350806048755,"down-regulated"
"TRAF5",0.627926921820514,5.91772710032,3.98968190860997,0.000496421026621369,0.0125994525807082,-0.275045957554042,"up-regulated"
"ALDH6A1",-0.627411678910254,6.7944733322,-4.28349567873593,0.000231593294915121,0.00758167877456778,0.453494502245511,"down-regulated"
"TST",-0.626808047038462,8.49376199496,-3.39697718551584,0.00224845608996152,0.0338880396046797,-1.70646825383085,"down-regulated"
"RHCG",-0.625630740974358,4.99393058464,-3.35404362528396,0.0025031369375973,0.0362635008980079,-1.80732629592771,"down-regulated"
"DZIP1",0.625151101679488,6.16200943296,4.19163975140131,0.000294108708244709,0.00911120415457457,0.224824917469538,"up-regulated"
"FERMT3",0.62427393302564,5.26790684216,3.79289731329427,0.000823879634094054,0.0180362508933449,-0.757176609110247,"up-regulated"
"OSBPL8",0.624248534679487,7.1877483728,4.0798210393179,0.000393137023638616,0.0107184239821178,-0.0524887122826483,"up-regulated"
"NRP1",0.624018187865384,6.70604531156,4.42545065335723,0.000159960105245803,0.00579345704710107,0.808111865667533,"up-regulated"
"LRRC1",-0.623941392128204,5.29914923824,-3.40032346987338,0.00222969746942198,0.0337817301201861,-1.69858790413223,"down-regulated"
"LIX1L",0.623909987128205,6.98478240736,3.69737936563938,0.00105188552343812,0.0211314877288565,-0.989016292918302,"up-regulated"
"KIRREL3",0.622423299224359,4.34698993232,5.3037699137695,1.61753604283362e-05,0.00121331624898235,3.01283661011845,"up-regulated"
"GRIK2",0.622031752435898,3.9183251164,3.9900998200802,0.000495885222588384,0.0125994525807082,-0.274016375454814,"up-regulated"
"CORIN",0.621053658474361,4.52239367076,3.42818363621879,0.00207930428972762,0.0324454904850106,-1.63287216703896,"up-regulated"
"INO80C",-0.620940229435895,6.98001316864,-5.12154351796158,2.59818200707471e-05,0.00167076166417624,2.55603882615254,"down-regulated"
"FYN",0.620422977807694,8.58340634004,3.96310155277931,0.000531699249376798,0.0131167275593338,-0.340484584469674,"up-regulated"
"HIF1A",0.620295904923079,9.28706601144,3.72763291081709,0.000973680517551414,0.0200670530095638,-0.915756615768595,"up-regulated"
"SLC44A1",0.619150762987184,9.88689282008,3.83727586296308,0.000735194982288178,0.0165888489416014,-0.648945725345595,"up-regulated"
"KIT",-0.618400928365385,6.331236695,-3.25072243954571,0.00323574052400781,0.043310269676869,-2.04806644566401,"down-regulated"
"SLC25A33",-0.616117463717948,6.7573674428,-3.16169354696725,0.00402940261775721,0.0488854535981923,-2.25310311236078,"down-regulated"
"MANBA",0.612009617897436,6.88299319936,4.13770248616398,0.000338336419306269,0.00986658450842152,0.0909022360261549,"up-regulated"
"ZNF536",0.611705527237179,4.25055913192,3.39845955008294,0.00224012743032333,0.0338469969712555,-1.70297769264399,"up-regulated"
"CCDC113",-0.610622094705128,3.29077023708,-7.48279247256849,6.99072624995693e-08,2.35292384241759e-05,8.25155578201787,"down-regulated"
"PTPLAD2",0.608663315333332,5.70925637836,3.7855798232426,0.000839478798324999,0.0181540510823296,-0.774992242684642,"up-regulated"
"PM20D2",-0.605660288269229,4.5398787184,-5.82420260262095,4.22511588979242e-06,0.000499476300027701,4.30750184282086,"down-regulated"
"HCFC1R1",0.605508724256412,8.92128393872,4.02038337703544,0.000458540666119647,0.0118874656548246,-0.199351051400915,"up-regulated"
"SLC35F2",-0.603687327512821,6.46634228464,-4.14853956430423,0.000328950923837934,0.0097721521757989,0.117787438255536,"down-regulated"
"MTMR11",0.603349873897435,5.75268998824,3.43427877448187,0.00204773986985245,0.0320884963486847,-1.61847012572298,"up-regulated"
"C10orf107",0.601782661538463,4.513503266,3.52176930443205,0.00164287085552491,0.0278571477778276,-1.4107890347354,"up-regulated"
"PAFAH2",-0.599145633006409,5.88163992508,-3.76540330250444,0.000884007735428943,0.0188499023180858,-0.824069508352141,"down-regulated"
"TTC3",0.598635072301283,8.65088075232,3.37548779064148,0.00237262044092353,0.0351657093836781,-1.75700849011926,"up-regulated"
"SLC16A2",0.598569480846153,5.41195876896,4.12241983994517,0.000352024140124486,0.0101598842160538,0.0530082696455043,"up-regulated"
"RBMS3",0.598002103141025,7.6626710322,3.4574750922709,0.00193181668995259,0.031081277320094,-1.56357952255544,"up-regulated"
"RBPMS2",-0.59591793901282,3.51199725212,-3.63033421077433,0.00124775640041353,0.0235512318844906,-1.15076601676599,"down-regulated"
"NME4",0.594061871628208,9.34354782892,4.81726420747138,5.74753174520863e-05,0.00288881893193701,1.7914900064078,"up-regulated"
"FAM36A",-0.593441540384614,7.716548534,-5.00030513683034,3.56391394220496e-05,0.00207338410724263,2.25156364619644,"down-regulated"
"SPCS3",-0.591859074224359,8.78711329368,-4.06547619767651,0.000408023227652966,0.0108878598362192,-0.0879698062576466,"down-regulated"
"CCPG1",-0.591723306333335,6.55824950996,-3.58071399216793,0.00141525422524137,0.0252575020367049,-1.26991383733095,"down-regulated"
"TBL1XR1",-0.591078434551282,8.2646425018,-3.78002365580347,0.00085151655807353,0.0183156625599018,-0.788513776171647,"down-regulated"
"LRRK2",-0.589982884410257,3.83319120556,-3.17258971557471,0.00392304234839713,0.0483089973185537,-2.22813453475999,"down-regulated"
"CPEB3",-0.589635725878207,5.08459937004,-3.24717984009525,0.00326421771095314,0.0435730308173031,-2.05626896127423,"down-regulated"
"SLC25A13",-0.589528212839743,5.70487885076,-5.39485756957931,1.27717139855559e-05,0.00104848676424755,3.24064065527639,"down-regulated"
"NUP35",-0.589317097301281,4.90955803468,-4.36591985996243,0.000186831553864653,0.00648077434614547,0.659238250941163,"down-regulated"
"MTSS1",-0.588873802083331,5.761234713,-3.37182531158063,0.00239443464823338,0.0353825607969447,-1.76561061134415,"down-regulated"
"ADSS",-0.58827712426282,8.6149481622,-7.30800813900135,1.06065127204207e-07,3.1986211932583e-05,7.85237684805058,"down-regulated"
"HSPA9",-0.586135926974357,8.74751639936,-3.77436471162367,0.000863951125192273,0.0185023272129945,-0.802280180655805,"down-regulated"
"FKBP9",0.585059661544873,8.79318146808,3.56130908214329,0.00148656286460262,0.0261109270638531,-1.31637204216527,"up-regulated"
"MGLL",-0.583665790173078,7.82876893964,-3.35642963638725,0.00248827791467477,0.0362349915670305,-1.80173342756677,"down-regulated"
"EPB41L5",-0.58019797,4.7927645544,-3.58532247924574,0.00139881595284406,0.0251375074547085,-1.2588689651301,"down-regulated"
"NPC1",-0.575707263397434,7.3807523178,-4.81345522771101,5.80501342794473e-05,0.0028979960616466,1.78191514603983,"down-regulated"
"PDE7B",0.57515704375641,3.36200499508,4.39245712019215,0.000174338907340414,0.00616317232959162,0.725576033605735,"up-regulated"
"PTPRM",0.574590207474362,8.41637647828,4.02563355199131,0.00045235495625148,0.0117683964586763,-0.186395168665584,"up-regulated"
"LRRC8E",0.574346742166668,6.01427762924,5.44251565378442,1.12888305775459e-05,0.000953228853967972,3.35965864055846,"up-regulated"
"PRDX6",-0.572851806025641,10.0524286808,-5.16762166383722,2.304438856507e-05,0.00152702659114816,2.67165792596959,"down-regulated"
"ROM1",0.571245589999998,4.6952848732,4.07333502027076,0.000399800115412342,0.0107633348929377,-0.0685343197650345,"up-regulated"
"FHL3",0.570569148865387,7.86284417284,3.67351728453294,0.00111787832787404,0.0219234246448788,-1.04668169060342,"up-regulated"
"C9orf140",-0.570494989474359,6.44494347436,-3.81003408482698,0.000788453402016327,0.0174677300173842,-0.715420337310743,"down-regulated"
"SEH1L",-0.56864950405128,7.15875613644,-4.82445907002676,5.64050459503887e-05,0.00287412884140998,1.80957631773677,"down-regulated"
"GSTZ1",-0.567722619987179,6.27637866756,-5.44604224100735,1.11862642546166e-05,0.000953228853967972,3.36846065630325,"down-regulated"
"TJP2",-0.567538375596157,6.57493620156,-3.18131251812173,0.00383984767651683,0.048083039840712,-2.20812047524708,"down-regulated"
"APOBEC3C",0.565712319467949,7.64090924796,5.13611378650867,2.5014377326303e-05,0.00163556395464946,2.59260549275715,"up-regulated"
"CEP170",0.565252457833334,6.68818908676,3.52518899295904,0.00162874273961609,0.0277371989835055,-1.40263650502604,"up-regulated"
"UST",0.563730595474361,5.63527193252,3.29948023976063,0.00286734869546962,0.0399347895126811,-1.93481842580415,"up-regulated"
"C3orf23",-0.563171735410258,5.78890524608,-3.36938524721612,0.00240907574695031,0.035563348963721,-1.77133974559485,"down-regulated"
"SPA17",-0.563118409256409,5.43771092648,-4.18286566724767,0.000300891819286312,0.00921368449938189,0.203020687353289,"down-regulated"
"GOT2",-0.562210210333333,8.77982537304,-3.88382025023145,0.000652266117479792,0.0153235873100141,-0.535106763921362,"down-regulated"
"ACADSB",-0.558988406282052,4.7893031696,-3.20659846457514,0.00360816227828782,0.0463230356092608,-2.14997525178403,"down-regulated"
"TMX4",-0.558922150852566,7.52800437436,-5.73842708436867,5.26423768083723e-06,0.000576219557109124,4.09542972431335,"down-regulated"
"SEMA3E",-0.558719792698717,2.57470990212,-3.45089819524152,0.00196402054077923,0.0313078010044172,-1.57915564037693,"down-regulated"
"TMEM204",0.557492029333333,8.17859993008,4.55598652809212,0.000113759893287719,0.00461821412943027,1.13519742428349,"up-regulated"
"GDAP1",-0.554139755410256,3.15112862648,-6.59230171241146,6.08299632681542e-07,0.000127030987145274,6.17500762034862,"down-regulated"
"YPEL2",0.554039888967952,5.52496598132,4.67952761699758,8.23748015542679e-05,0.00373390319805956,1.44534247854113,"up-regulated"
"GLIS3",0.554024638782052,5.051106467,3.25718183128085,0.00318443243668406,0.0428564281574503,-2.0331013145939,"up-regulated"
"CYCS",-0.55365304905128,6.39374569784,-3.88689577020996,0.000647122864322071,0.0152423142100602,-0.527573312335559,"down-regulated"
"RPS6KA6",-0.553626462987181,4.01851856292,-4.1642862792757,0.000315771140910393,0.00956178309269032,0.156873255629449,"down-regulated"
"BACE1",0.552756873833332,7.19705768744,4.54903085599553,0.000115845826545378,0.00465498736260143,1.1177499073869,"up-regulated"
"SPOCD1",0.552320316282052,4.5456354572,3.39891464058757,0.00223757651567331,0.0338430585180189,-1.7019059707235,"up-regulated"
"AIFM2",-0.551478295153847,4.88369397548,-5.26021041178435,1.81129853891281e-05,0.00131203718183895,2.90376010621307,"down-regulated"
"TP53I3",0.550647338897437,7.74972981144,3.32060872935902,0.00272061168442772,0.0384564560616166,-1.88554310093057,"up-regulated"
"RAPH1",-0.550405386692306,7.75221826908,-7.91629605778413,2.52870846850315e-08,1.06762071540203e-05,9.22288910741572,"down-regulated"
"MFSD6",-0.55019522725,6.86361561592,-5.89956757141202,3.48461115654661e-06,0.000465458471683115,4.49332661529081,"down-regulated"
"RAP2A",0.548710702615388,6.75061840064,4.09153182998485,0.00038138346868065,0.0105340252648485,-0.0235059805425903,"up-regulated"
"ARHGAP31",0.54712037449359,5.42825166268,6.89110791387905,2.91177177867856e-07,7.17120859558885e-05,6.88339922962679,"up-regulated"
"GLI2",0.54698240578205,4.54778139816,4.18541792593057,0.000298902873840798,0.00921368449938189,0.209362502878093,"up-regulated"
"ZMAT1",-0.545695801692308,2.40243413888,-3.3542927676991,0.00250158137935606,0.0362635008980079,-1.806742368398,"down-regulated"
"FMN2",0.545337403000001,3.76165571144,3.62035608293838,0.001279803212511,0.0239691407747466,-1.17476500892287,"up-regulated"
"FAIM3",0.544511735846154,5.74317928136,5.25821705096461,1.82070503740666e-05,0.00131241747989065,2.89876662727126,"up-regulated"
"MXRA7",0.543258671410262,9.1525016592,3.7387220863123,0.000946466585015376,0.0196985024320735,-0.888863318336105,"up-regulated"
"NSUN7",-0.542522521923077,2.9316911464,-3.25353773265743,0.00321328084689142,0.0431268402130014,-2.0415454100982,"down-regulated"
"C1orf51",-0.540792767782052,6.87793938708,-3.71567377676536,0.00100388911901723,0.0203770185600517,-0.944735485878888,"down-regulated"
"GLUD1",-0.540551216070513,10.01689932944,-4.84604916981323,5.33117881615349e-05,0.00276416945144913,1.86384992972822,"down-regulated"
"TRAK1",0.540309879615385,7.3349934826,4.96302670008667,3.92800054441868e-05,0.00220699863288497,2.15788687626275,"up-regulated"
"FAM111A",-0.538582167153845,6.91456181792,-3.8865043950563,0.000647775145423145,0.0152423142100602,-0.528532057515811,"down-regulated"
"C1orf198",0.53763183875,9.6971332126,3.35748618234784,0.00248172553794232,0.0362018344266275,-1.7992563912697,"up-regulated"
"WIPF3",-0.536195057128204,5.11728936404,-3.47444652456702,0.00185106908279998,0.030179255176517,-1.52333945790697,"down-regulated"
"CUL4B",0.534485762999999,7.97207062824,4.59005582189714,0.000104071856964766,0.00435657175741743,1.22068136866821,"up-regulated"
"PCBD1",-0.533218353564102,8.48909147352,-5.10246946185454,2.73054252841271e-05,0.00168825217332027,2.508159989892,"down-regulated"
"PLEKHA2",0.532280274141027,5.35717666028,3.93357929767921,0.00057378430852242,0.01392251350909,-0.413057577450433,"up-regulated"
"FOXL1",0.532154626756413,4.57460221292,3.90369572427207,0.000619724774469964,0.0147229469330268,-0.486397990931373,"up-regulated"
"WDSUB1",-0.532067520679488,6.06082886292,-4.03382776020983,0.000442864920023167,0.0115826812799687,-0.166167711134888,"down-regulated"
"BIVM",0.530466179141024,6.64623932468,8.02504735463581,1.96694299617679e-08,8.90541389765186e-06,9.46230018140563,"up-regulated"
"ARHGDIB",0.530400501846156,6.76207271504,3.72544337657725,0.000979143815081378,0.0201120613595339,-0.921064093448328,"up-regulated"
"CBLB",0.530261538051283,5.91294536388,4.11611895900576,0.000357825732742266,0.0102472690944428,0.037391919776681,"up-regulated"
"DDAH1",0.53012641328205,7.43071126276,3.44905959200585,0.00197311620539587,0.031393625024589,-1.58350820467347,"up-regulated"
"MTMR12",-0.530104107641024,6.81839611864,-3.31436420444599,0.00276320650883659,0.0388875262676936,-1.90011883541103,"down-regulated"
"NFYB",0.528101258775642,5.96984883952,3.59456231294873,0.00136641737537044,0.02487934791338,-1.23671131615782,"up-regulated"
"MNAT1",-0.527945317999999,5.33692304936,-5.57538473174465,8.00844661891659e-06,0.000763489133469229,3.69076645504333,"down-regulated"
"SPAG1",-0.527349038461538,4.0022131,-3.75621699652208,0.000905041767907188,0.0191876645686722,-0.846391638861812,"down-regulated"
"KANK2",0.526240135878204,8.83045203076,3.4652420735214,0.00189444627271216,0.0305947896960301,-1.5451719217381,"up-regulated"
"FNDC4",0.522998008602566,7.20323009036,3.54050080282267,0.00156692180916436,0.0271128847470981,-1.36610199065283,"up-regulated"
"VOPP1",0.522598350628205,7.81291273284,3.72835260396061,0.000971891281629758,0.0200581528891661,-0.914011880095268,"up-regulated"
"H2AFJ",0.522151142897439,7.49106438136,3.21150438434947,0.00356479774115879,0.046141238057381,-2.13867227476043,"up-regulated"
"C6orf192",-0.519559723346156,6.60394949664,-3.22214049963389,0.00347250001901267,0.0453296225980126,-2.11414320466193,"down-regulated"
"ATP6V1A",-0.51774019484615,9.14260743432,-4.1668975424253,0.000313636691864423,0.00953482341652995,0.163357132294186,"down-regulated"
"MPDZ",0.517488711397437,6.38594458024,5.10887322513305,2.68536542379805e-05,0.00168370221034267,2.52423554468852,"up-regulated"
"TMEM2",0.517383640788464,6.17164247704,4.60227384643762,0.000100801955898673,0.00429537172448547,1.25134729058082,"up-regulated"
"LAMC1",0.515891489705128,9.16167206152,3.15849452073956,0.00406115189698564,0.0492302227906127,-2.26042685530925,"up-regulated"
"ARHGEF17",0.515611155128207,6.662240516,4.64277978745554,9.06777960409167e-05,0.00403598130149586,1.35304436467306,"up-regulated"
"ARC",0.514674217282052,3.74357751568,3.473611859814,0.00185496238567146,0.030179255176517,-1.52532004253406,"up-regulated"
"PLAC9",0.514511743410256,7.48205202076,3.69201879789084,0.00106637012981482,0.0212368617362178,-1.00197982822713,"up-regulated"
"TRPV6",-0.514291877679487,4.97740993256,-3.38154090109903,0.00233698892671776,0.0348121828327706,-1.74278404806413,"down-regulated"
"MAPKAPK3",-0.51418561278205,7.64540090148,-4.78337944992749,6.27958702652959e-05,0.00305241636483644,1.7063146752393,"down-regulated"
"ATP5G1",-0.513841190102564,8.75902522352,-4.14732151912151,0.00032999282234037,0.0097721521757989,0.114765066696145,"down-regulated"
"C10orf54",-0.510334558461537,7.5769942304,-3.20728859278151,0.00360203151677302,0.0462845388898738,-2.14838565794763,"down-regulated"
"HMGB3",-0.510189679679486,5.2434803776,-3.91991355670986,0.00059436083645534,0.0142810895614643,-0.446611480684522,"down-regulated"
"HECA",0.507259956551283,8.02175987076,3.15170934985311,0.00412929011292455,0.0496085528444602,-2.27595028038813,"up-regulated"
"NINJ1",-0.506168762641025,7.98897900424,-3.24895525423502,0.00324991595635438,0.0434213454674943,-2.05215861947001,"down-regulated"
"C21orf7",0.505941022647438,5.91254621964,3.49979310246376,0.00173655357750375,0.0291222261232521,-1.46311871980505,"up-regulated"
"C5orf4",0.505437472576923,7.18865662076,4.1276907613699,0.000347242478491052,0.010061180597377,0.0660750619536792,"up-regulated"
"GPX4",-0.504630419230768,11.305761268,-3.75264245321038,0.000913358477064049,0.0192586944629175,-0.855073677980465,"down-regulated"
"C10orf47",-0.503387906743589,4.68128616584,-4.520563748758,0.000124787974564471,0.00494367801645896,1.04636298656088,"down-regulated"
"TSPAN18",0.503276352333332,5.37076869612,3.51677363729374,0.00166372477564994,0.0281613528176164,-1.42269408511851,"up-regulated"
"OVOL2",-0.502084630987178,4.93429369428,-3.15096098301575,0.00413687229103741,0.0496281312079922,-2.27766156725849,"down-regulated"
"TEC",-0.501691036192308,2.96711775932,-3.81110710566031,0.000786285658748446,0.0174458606296183,-0.712804195584334,"down-regulated"
"PKM2",-0.501474326512822,10.28572898712,-3.34585493980208,0.00255478882103861,0.0367426753803967,-1.82650962398266,"down-regulated"
"ZNF187",0.500728833487179,5.86709323792,5.64757924184154,6.64902383696239e-06,0.000677604311991677,3.87018828101403,"up-regulated"
